<DTYYYYMMDD>,<OPEN>,<HIGH>,<LOW>,<CLOSE>,<VOL>
20100930,5569.30,5650.30,5539.10,5548.60,1012633500
20101001,5548.60,5615.10,5547.50,5592.90,823630600
20101004,5592.90,5601.20,5550.80,5556.00,604252000
20101005,5556.00,5646.10,5550.60,5635.80,830151700
20101006,5635.80,5695.50,5635.80,5681.40,756640300
20101007,5681.40,5707.30,5650.80,5662.10,947272500
20101008,5662.10,5663.70,5606.60,5657.60,1047049600
20101011,5657.60,5686.00,5655.70,5672.40,475637800
20101012,5672.40,5677.00,5597.50,5661.60,637397300
20101013,5661.60,5760.50,5661.60,5747.40,973403200
20101014,5747.40,5770.90,5712.90,5727.20,1130424900
20101015,5727.20,5743.90,5666.00,5703.40,996353300
20101018,5703.40,5748.80,5670.10,5742.50,610917500
20101019,5742.50,5761.90,5690.60,5703.90,777975700
20101020,5703.90,5730.00,5680.40,5728.90,671501700
20101021,5728.90,5786.70,5698.00,5757.90,1023807800
20101022,5757.90,5758.00,5724.30,5741.40,657950400
20101025,5741.40,5794.30,5741.40,5752.00,772475800
20101026,5752.00,5754.20,5677.20,5707.30,812461700
20101027,5707.30,5707.30,5630.90,5646.00,787759800
20101028,5646.00,5711.80,5646.00,5677.90,767340900
20101029,5677.90,5699.20,5647.00,5675.20,836504100
20101101,5675.20,5733.00,5667.40,5694.60,641818600
20101102,5694.60,5771.60,5690.40,5757.40,805488100
20101103,5757.40,5773.70,5730.50,5749.00,825699200
20101104,5749.00,5876.00,5749.00,5862.80,1079789800
20101105,5862.80,5899.40,5834.00,5875.40,1106801300
20101108,5875.40,5881.00,5841.30,5850.00,772608500
20101109,5850.00,5902.10,5847.40,5875.20,951025300
20101110,5875.20,5877.00,5796.20,5816.90,942150400
20101111,5816.90,5846.50,5792.60,5815.20,1091041600
20101112,5815.20,5831.80,5711.70,5796.90,986021400
20101115,5796.90,5832.90,5755.70,5820.40,620872800
20101116,5820.40,5820.40,5680.90,5681.90,871717100
20101117,5681.90,5704.40,5659.60,5692.60,761486000
20101118,5692.60,5783.00,5692.60,5768.70,729396100
20101119,5768.70,5774.10,5684.50,5732.80,732494000
20101122,5732.80,5783.10,5668.50,5680.80,774612600
20101123,5680.80,5681.10,5581.30,5581.30,1029608700
20101124,5581.30,5671.90,5573.30,5657.10,907509800
20101125,5657.10,5707.90,5654.70,5698.90,556473400
20101126,5698.90,5699.00,5599.30,5668.70,862384200
20101129,5668.70,5722.70,5551.00,5551.00,1016585900
20101130,5551.00,5597.00,5519.20,5528.30,1312214200
20101201,5528.30,5656.20,5528.30,5642.50,1142732300
20101202,5642.50,5770.90,5642.50,5767.60,1071115600
20101203,5767.60,5784.30,5720.20,5745.30,758341000
20101206,5745.30,5785.70,5728.50,5770.30,761310200
20101207,5770.30,5850.40,5769.70,5808.50,915796600
20101208,5808.50,5826.60,5774.30,5794.50,795733800
20101209,5794.50,5838.00,5794.50,5808.00,910975200
20101210,5808.00,5827.60,5794.50,5813.00,620763200
20101213,5813.00,5873.70,5812.90,5860.80,562916600
20101214,5860.80,5891.20,5847.10,5891.20,665299200
20101215,5891.20,5898.00,5858.10,5882.20,781046600
20101216,5882.20,5907.10,5862.90,5881.10,636310600
20101217,5881.10,5902.50,5857.30,5871.80,1431434200
20101220,5871.80,5913.80,5865.50,5891.60,536148400
20101221,5891.60,5953.90,5891.10,5951.80,541859600
20101222,5951.80,5991.90,5936.30,5983.50,527260000
20101223,5983.50,6000.50,5982.20,5996.10,314131600
20101224,5996.10,6008.90,5978.20,6008.90,66767000
20101229,6008.90,6021.50,5977.00,5996.40,329122200
20101230,5996.40,6009.80,5969.70,5971.00,252316600
20101231,5971.00,5985.70,5899.90,5899.90,197447000
20110104,5899.90,6049.50,5899.90,6013.90,950390600
20110105,6013.90,6043.90,5964.40,6043.90,887010400
20110106,6043.90,6090.50,6004.60,6019.50,843815800
20110107,6019.50,6023.70,5973.40,5984.30,780985000
20110110,5984.30,5984.30,5939.90,5956.30,662791000
20110111,5956.30,6035.90,5956.30,6014.00,862039200
20110112,6014.00,6050.70,6013.90,6050.70,1026864100
20110113,6050.70,6055.50,6005.50,6023.90,922876000
20110114,6023.90,6031.70,5948.50,6002.10,852945600
20110117,6002.10,6013.40,5975.60,5985.70,599575200
20110118,5985.70,6065.70,5985.50,6056.40,871181000
20110119,6056.40,6077.10,5974.80,5976.70,882393000
20110120,5976.70,5977.50,5867.30,5867.90,999116400
20110121,5867.90,5939.30,5867.90,5896.30,1161650500
20110124,5896.30,5960.50,5887.60,5943.90,920210800
20110125,5943.90,5964.70,5904.30,5917.70,1034224400
20110126,5917.70,6003.30,5917.70,5969.20,880021200
20110127,5969.20,5997.30,5950.70,5965.10,820596400
20110128,5965.10,5965.80,5877.90,5881.40,968312000
20110131,5881.40,5881.70,5815.40,5862.90,931414800
20110201,5862.90,5963.70,5862.90,5957.80,966826600
20110202,5957.80,6020.50,5957.80,6000.10,878318200
20110203,6000.10,6000.30,5951.80,5983.30,1036255400
20110204,5983.30,6023.40,5983.30,5997.40,763863200
20110207,5997.40,6054.10,5996.60,6051.00,694875000
20110208,6051.00,6091.30,6032.90,6091.30,859550000
20110209,6091.30,6091.30,6049.50,6052.30,923601800
20110210,6052.30,6052.30,5986.50,6020.00,821798000
20110211,6020.00,6071.40,5973.40,6062.90,822822600
20110214,6062.90,6091.50,6042.10,6060.10,636741400
20110215,6060.10,6072.10,6023.80,6037.10,875930200
20110216,6037.10,6095.80,6033.50,6085.30,859535200
20110217,6085.30,6101.40,6066.70,6087.40,1022169000
20110218,6087.40,6096.80,6048.80,6083.00,802223000
20110221,6083.00,6105.80,6013.10,6014.80,629790600
20110222,6014.80,6028.60,5926.50,5996.80,769147400
20110223,5996.80,5996.80,5915.50,5923.50,897134800
20110224,5923.50,5936.70,5861.00,5920.00,939695000
20110225,5920.00,6011.50,5920.00,6001.20,836550200
20110228,6001.20,6022.30,5963.60,5994.00,956595600
20110301,5994.00,6040.40,5927.40,5935.80,898036600
20110302,5935.80,5941.80,5865.90,5914.90,891083600
20110303,5914.90,6017.10,5914.90,6005.10,811030200
20110304,6005.10,6052.10,5983.20,5990.40,729247600
20110307,5990.40,6043.10,5967.70,5973.80,651065400
20110308,5973.80,5999.90,5911.00,5974.80,813285600
20110309,5974.80,5979.30,5922.70,5937.30,744541000
20110310,5937.30,5937.30,5833.20,5845.30,950808400
20110311,5845.30,5845.30,5796.40,5828.70,777919800
20110314,5828.70,5842.00,5769.00,5775.20,830598200
20110315,5775.20,5775.20,5591.60,5695.30,1270314900
20110316,5695.30,5720.90,5598.20,5598.20,1124024200
20110317,5598.20,5707.70,5598.20,5696.10,931850400
20110318,5696.10,5758.20,5696.10,5718.10,1379471500
20110321,5718.10,5798.80,5718.10,5786.10,764087000
20110322,5786.10,5813.80,5742.60,5762.70,686659000
20110323,5762.70,5802.40,5731.40,5795.90,910207800
20110324,5795.90,5888.70,5780.40,5880.90,828355800
20110325,5880.90,5918.70,5878.20,5900.80,664221800
20110328,5900.80,5923.00,5900.60,5904.50,526577800
20110329,5904.50,5932.70,5879.90,5932.20,669497200
20110330,5932.20,5971.00,5932.20,5948.30,872031000
20110331,5948.30,5972.80,5908.80,5908.80,1034424900
20110401,5908.80,6014.80,5908.80,6009.90,921016600
20110404,6009.90,6035.10,5987.70,6017.00,683415000
20110405,6017.00,6026.30,5989.00,6007.10,714605800
20110406,6007.10,6056.40,6007.10,6041.10,810707000
20110407,6041.10,6053.10,6007.40,6007.40,710450000
20110408,6007.40,6066.40,6007.40,6055.80,607115400
20110411,6055.80,6070.80,6044.50,6053.40,659854800
20110412,6053.40,6053.60,5958.30,5964.50,759468000
20110413,5964.50,6043.40,5964.50,6010.40,700979400
20110414,6010.40,6010.50,5943.80,5963.80,667918200
20110415,5963.80,5996.80,5963.50,5996.00,771907000
20110418,5996.00,5997.50,5858.30,5870.10,872742400
20110419,5870.10,5922.20,5870.10,5896.90,625044000
20110420,5896.90,6033.80,5896.90,6022.30,706493200
20110421,6022.30,6049.40,6005.80,6018.30,739317000
20110426,6018.30,6070.60,6007.00,6069.40,553639200
20110427,6069.40,6089.40,6045.90,6068.20,707283800
20110428,6068.20,6091.80,6051.00,6069.90,741068000
20110503,6069.90,6103.70,6050.70,6082.90,809722200
20110504,6082.90,6083.80,5972.80,5984.10,1002877000
20110505,5984.10,6009.10,5912.60,5920.00,1597409700
20110506,5920.00,5984.90,5871.60,5976.80,1162112100
20110509,5976.80,5999.90,5922.20,5942.70,803357200
20110510,5942.70,6023.10,5940.10,6018.90,835132600
20110511,6018.90,6040.20,5965.30,5976.00,823139400
20110512,5976.00,5976.40,5882.40,5945.00,868796400
20110513,5945.00,6001.30,5919.90,5925.90,705255000
20110516,5925.90,5936.20,5862.20,5923.70,686694200
20110517,5923.70,5942.80,5861.00,5861.00,756848800
20110518,5861.00,5934.50,5860.60,5923.50,702325400
20110519,5923.50,6003.90,5923.50,5956.00,849895800
20110520,5956.00,6017.60,5927.70,5948.50,897899600
20110523,5948.50,5948.50,5833.40,5835.90,853749200
20110524,5835.90,5884.70,5835.90,5858.40,985312200
20110525,5858.40,5881.20,5810.50,5870.10,916829200
20110526,5870.10,5910.80,5866.70,5881.00,868336800
20110527,5881.00,5951.40,5881.00,5938.90,799337800
20110531,5938.90,6010.00,5938.90,5990.00,967043400
20110601,5990.00,5995.20,5911.70,5928.60,832047200
20110602,5928.60,5928.60,5847.90,5847.90,980195200
20110603,5847.90,5868.20,5802.70,5855.00,840519800
20110606,5855.00,5881.10,5827.50,5863.20,650699800
20110607,5863.20,5890.60,5849.20,5864.60,792266800
20110608,5864.60,5864.60,5791.80,5808.90,848385000
20110609,5808.90,5861.20,5795.00,5856.30,854850800
20110610,5856.30,5867.00,5758.30,5765.80,786839200
20110613,5765.80,5793.80,5763.40,5773.50,643227200
20110614,5773.50,5822.60,5773.50,5803.10,811563000
20110615,5803.10,5803.40,5742.50,5742.50,807145200
20110616,5742.50,5742.50,5644.40,5698.80,1040114400
20110617,5698.80,5733.20,5645.00,5714.90,1215422700
20110620,5714.90,5714.90,5647.20,5693.40,746606400
20110621,5693.40,5778.10,5693.00,5775.30,745714800
20110622,5775.30,5789.10,5741.80,5773.00,756880600
20110623,5773.00,5773.00,5663.30,5674.40,893970600
20110624,5674.40,5768.50,5674.40,5697.70,1037392500
20110627,5697.70,5728.40,5679.60,5722.30,836747000
20110628,5722.30,5795.10,5722.30,5766.90,810367200
20110629,5766.90,5860.90,5766.90,5856.00,908814800
20110630,5856.00,5945.70,5856.00,5945.70,1221084400
20110701,5945.70,5999.00,5937.00,5989.80,871319600
20110704,5989.80,6030.80,5985.70,6017.50,469993600
20110705,6017.50,6036.30,6011.10,6024.00,656222400
20110706,6024.00,6026.50,5973.80,6002.90,817116200
20110707,6002.90,6071.70,6002.90,6054.50,834549600
20110708,6054.50,6084.10,5981.70,5990.60,781326400
20110711,5990.60,5998.60,5900.80,5929.20,854847000
20110712,5929.20,5929.20,5793.00,5869.00,1086509600
20110713,5869.00,5911.00,5851.00,5906.40,830813000
20110714,5906.40,5906.40,5841.20,5847.00,715968200
20110715,5847.00,5863.60,5806.00,5843.70,693411600
20110718,5843.70,5843.70,5752.80,5752.80,848623000
20110719,5752.80,5802.00,5752.80,5790.00,912096000
20110720,5790.00,5856.40,5790.00,5853.80,900376400
20110721,5853.80,5934.30,5797.50,5899.90,1051054100
20110722,5899.90,5966.80,5899.90,5935.00,874525200
20110725,5935.00,5938.50,5892.60,5925.30,645911000
20110726,5925.30,5951.30,5895.60,5929.70,631694600
20110727,5929.70,5932.00,5841.00,5856.60,777353400
20110728,5856.60,5882.60,5801.60,5873.20,753571000
20110729,5873.20,5873.20,5772.40,5815.20,1015003300
20110801,5815.20,5913.50,5767.10,5774.40,866071000
20110802,5774.40,5778.90,5705.30,5718.40,995746800
20110803,5718.40,5718.40,5557.70,5584.50,1094346700
20110804,5584.50,5644.00,5393.10,5393.10,1428457000
20110805,5393.10,5393.10,5202.60,5247.00,2046569200
20110808,5247.00,5295.80,5062.40,5069.00,1576389500
20110809,5069.00,5175.60,4791.00,5164.90,2039085000
20110810,5164.90,5262.70,4990.80,5007.20,1649746200
20110811,5007.20,5172.70,4943.00,5162.80,1455126300
20110812,5162.80,5320.00,5099.30,5320.00,1024505100
20110815,5320.00,5377.20,5319.40,5350.60,695636400
20110816,5350.60,5362.10,5265.80,5357.60,725087400
20110817,5357.60,5371.10,5279.90,5331.60,679948200
20110818,5331.60,5331.60,5041.60,5092.20,1185417000
20110819,5092.20,5107.90,4929.50,5040.80,1547151900
20110822,5040.80,5183.00,4993.30,5095.30,857260000
20110823,5095.30,5193.20,5076.70,5129.40,904652200
20110824,5129.40,5250.60,5098.10,5205.90,909123400
20110825,5205.90,5254.20,5102.10,5131.10,1128589200
20110826,5131.10,5149.50,5014.80,5129.90,1037445300
20110830,5129.90,5283.60,5129.90,5268.70,910283000
20110831,5268.70,5411.60,5258.60,5394.50,1178142400
20110901,5394.50,5449.70,5346.70,5418.60,978886200
20110902,5418.60,5418.60,5258.50,5292.00,824122400
20110905,5292.00,5292.00,5097.70,5102.60,789914600
20110906,5102.60,5190.30,5086.80,5156.80,946129800
20110907,5156.80,5322.20,5156.80,5318.60,837910400
20110908,5318.60,5369.80,5269.70,5340.40,922652000
20110909,5340.40,5352.00,5202.20,5214.60,1048625900
20110912,5214.60,5214.60,5059.20,5129.60,1009065200
20110913,5129.60,5203.10,5069.50,5174.30,887217000
20110914,5174.30,5270.40,5146.40,5227.00,1116939900
20110915,5227.00,5366.70,5227.00,5337.50,1124039900
20110916,5337.50,5406.10,5337.50,5368.40,1464013600
20110919,5368.40,5368.40,5231.60,5259.60,721392600
20110920,5259.60,5377.40,5219.10,5363.70,708695000
20110921,5363.70,5366.10,5268.80,5288.40,772251800
20110922,5288.40,5288.40,5013.50,5041.60,1191994700
20110923,5041.60,5105.40,4928.10,5066.80,1013630300
20110926,5066.80,5148.80,4974.00,5089.40,1042813300
20110927,5089.40,5294.00,5089.40,5294.00,960705800
20110928,5294.00,5314.30,5191.40,5217.60,726670200
20110929,5217.60,5250.20,5160.80,5196.80,736900000
20110930,5196.80,5197.30,5068.60,5128.50,889500800
20111003,5128.50,5128.50,4983.30,5075.50,774952000
20111004,5075.50,5075.50,4868.60,4944.40,1168273000
20111005,4944.40,5121.40,4944.40,5102.20,932393600
20111006,5102.20,5291.30,5102.20,5291.30,1147794300
20111007,5291.30,5370.90,5261.40,5303.40,864877000
20111010,5303.40,5413.40,5303.40,5399.00,613629200
20111011,5399.00,5399.00,5330.40,5395.70,637285400
20111012,5395.70,5458.00,5348.20,5441.80,833336600
20111013,5441.80,5456.10,5368.40,5403.40,912369000
20111014,5403.40,5501.40,5395.60,5466.40,674572200
20111017,5466.40,5543.70,5405.20,5436.70,720599600
20111018,5436.70,5436.70,5348.60,5410.40,754537000
20111019,5410.40,5483.80,5410.40,5450.50,723007400
20111020,5450.50,5450.50,5363.20,5384.70,797352400
20111021,5384.70,5500.50,5384.70,5488.60,730196000
20111024,5488.60,5552.80,5487.20,5548.10,677901200
20111025,5548.10,5574.10,5465.50,5525.50,777723200
20111026,5525.50,5576.60,5498.50,5553.20,708484200
20111027,5553.20,5747.30,5553.20,5713.80,1454233000
20111028,5713.80,5746.90,5685.00,5702.20,997550600
20111031,5702.20,5702.20,5544.20,5544.20,1079784200
20111101,5544.20,5544.20,5338.40,5421.60,1335198700
20111102,5421.60,5493.30,5383.40,5484.10,1363052700
20111103,5484.10,5564.50,5402.60,5545.60,1232998000
20111104,5545.60,5599.50,5495.40,5527.20,873169200
20111107,5527.20,5557.80,5432.20,5510.80,730611200
20111108,5510.80,5616.00,5509.60,5567.30,885001600
20111109,5567.30,5615.80,5426.30,5460.40,1074608400
20111110,5460.40,5497.20,5360.20,5444.80,799967600
20111111,5444.80,5548.80,5439.80,5545.40,721167400
20111114,5545.40,5575.20,5489.30,5519.00,687675200
20111115,5519.00,5551.40,5428.60,5517.40,842112000
20111116,5517.40,5562.90,5450.20,5509.00,941320000
20111117,5509.00,5509.00,5366.10,5423.10,1059574600
20111118,5423.10,5423.10,5347.90,5362.90,826014000
20111121,5362.90,5362.90,5221.70,5222.60,955270000
20111122,5222.60,5282.00,5206.80,5206.80,915478600
20111123,5206.80,5206.80,5139.80,5139.80,1009697900
20111124,5139.80,5184.30,5099.00,5127.60,856602400
20111125,5127.60,5200.30,5075.20,5164.60,733865200
20111128,5164.60,5327.80,5164.60,5312.80,899087000
20111129,5312.80,5344.20,5272.40,5337.00,798981400
20111130,5337.00,5539.00,5275.00,5505.40,1647245400
20111201,5505.40,5553.90,5486.90,5489.30,939174800
20111202,5489.30,5595.50,5489.10,5552.30,984099600
20111205,5552.30,5602.80,5545.90,5568.00,900658000
20111206,5568.00,5593.00,5521.90,5568.70,857312600
20111207,5568.70,5631.90,5498.00,5546.90,932154800
20111208,5546.90,5605.30,5483.80,5483.80,907438000
20111209,5483.80,5540.50,5440.90,5529.20,841896600
20111212,5529.20,5529.20,5427.90,5427.90,815332200
20111213,5427.90,5526.00,5413.70,5490.10,757732000
20111214,5490.10,5490.10,5366.80,5366.80,860719600
20111215,5366.80,5434.00,5366.80,5400.90,803271600
20111216,5400.90,5452.60,5387.30,5387.30,1274144100
20111219,5387.30,5410.10,5343.10,5365.00,632321200
20111220,5365.00,5426.30,5328.70,5419.60,779731400
20111221,5419.60,5479.20,5371.60,5389.70,803794200
20111222,5389.70,5469.00,5389.70,5457.00,617195800
20111223,5457.00,5516.60,5457.00,5512.70,204750000
20111228,5512.70,5567.90,5491.00,5507.40,449839600
20111229,5507.40,5566.80,5496.90,5566.80,326449000
20111230,5566.80,5588.40,5535.20,5572.30,188110800
20120103,5572.30,5699.90,5572.30,5699.90,783529200
20120104,5699.90,5719.80,5646.40,5668.50,696937800
20120105,5668.50,5689.30,5614.40,5624.30,794279400
20120106,5624.30,5682.80,5623.40,5649.70,705018000
20120109,5649.70,5673.80,5604.60,5612.30,788891400
20120110,5612.30,5711.90,5612.30,5696.70,865034400
20120111,5696.70,5700.80,5644.80,5670.80,894220800
20120112,5670.80,5699.60,5640.30,5662.40,1383932300
20120113,5662.40,5709.20,5583.50,5636.60,1318584300
20120116,5636.60,5662.90,5609.90,5657.40,672823000
20120117,5657.40,5724.40,5657.40,5694.00,1232187200
20120118,5694.00,5709.90,5647.90,5702.40,792321000
20120119,5702.40,5743.90,5693.20,5741.10,1404442300
20120120,5741.10,5749.80,5721.60,5728.50,1315166100
20120123,5728.50,5789.90,5723.10,5782.60,852459600
20120124,5782.60,5782.60,5719.90,5751.90,916504800
20120125,5751.90,5777.70,5694.00,5723.00,884691000
20120126,5723.00,5806.20,5722.80,5795.20,874328800
20120127,5795.20,5795.20,5729.00,5733.50,790045200
20120130,5733.50,5733.50,5651.60,5671.10,778100000
20120131,5671.10,5730.30,5671.10,5681.60,1018319000
20120201,5681.60,5790.70,5680.70,5790.70,989847000
20120202,5790.70,5809.80,5765.70,5796.10,971388400
20120203,5796.10,5901.10,5784.20,5901.10,1156774100
20120206,5901.10,5901.10,5863.50,5892.20,828464600
20120207,5892.20,5906.60,5850.50,5890.30,785340600
20120208,5890.30,5916.20,5871.30,5875.90,809267800
20120209,5875.90,5916.30,5870.50,5895.50,973462200
20120210,5895.50,5895.50,5839.90,5852.40,948790200
20120213,5852.40,5920.10,5852.40,5905.70,643543000
20120214,5905.70,5920.60,5877.20,5899.90,832567200
20120215,5899.90,5923.80,5880.60,5892.20,801550000
20120216,5892.20,5892.40,5829.40,5885.40,751580400
20120217,5885.40,5923.60,5885.40,5905.10,1101910900
20120220,5905.10,5956.30,5905.10,5945.30,724579800
20120221,5945.30,5948.80,5916.60,5928.20,846269200
20120222,5928.20,5938.00,5894.60,5916.50,875208000
20120223,5916.50,5952.50,5900.50,5937.90,1071356800
20120224,5937.90,5964.00,5925.50,5935.10,1011161700
20120227,5935.10,5935.10,5865.90,5915.50,972274400
20120228,5915.50,5937.00,5900.00,5927.90,804670200
20120229,5927.90,5944.80,5871.50,5871.50,1201160900
20120301,5871.50,5936.10,5858.90,5931.30,900749800
20120302,5931.30,5940.00,5908.50,5911.10,758193600
20120305,5911.10,5911.10,5865.40,5874.80,873447200
20120306,5874.80,5874.80,5758.40,5765.80,994358800
20120307,5765.80,5801.10,5755.70,5791.40,859928000
20120308,5791.40,5874.30,5791.40,5859.70,828107600
20120309,5859.70,5897.60,5842.90,5887.50,854778800
20120312,5887.50,5894.10,5860.40,5892.80,800992000
20120313,5892.80,5957.90,5892.80,5955.90,761933800
20120314,5955.90,5989.10,5945.40,5945.40,1165017900
20120315,5945.40,5958.20,5919.20,5940.70,1039944300
20120316,5940.70,5974.00,5940.70,5965.60,1834534000
20120319,5965.60,5968.90,5928.50,5961.10,951265200
20120320,5961.10,5961.10,5876.40,5891.40,978545200
20120321,5891.40,5921.70,5880.80,5892.00,907211200
20120322,5892.00,5892.00,5825.90,5845.60,883155600
20120323,5845.60,5875.70,5801.70,5854.90,848516800
20120326,5854.90,5913.10,5854.50,5902.70,722858600
20120327,5902.70,5941.90,5863.80,5869.50,1257297300
20120328,5869.50,5877.90,5809.00,5809.00,931820200
20120329,5809.00,5812.20,5726.50,5742.00,1084172000
20120330,5742.00,5782.70,5742.00,5768.50,990970000
20120402,5768.50,5874.90,5748.60,5874.90,886248600
20120403,5874.90,5890.20,5838.30,5838.30,896434000
20120404,5838.30,5838.30,5685.60,5703.80,1174203000
20120405,5703.80,5731.70,5663.30,5723.70,908902000
20120410,5723.70,5723.70,5595.50,5595.50,1012487000
20120411,5595.50,5655.90,5576.40,5634.70,1132327600
20120412,5634.70,5727.90,5602.60,5710.50,1115209900
20120413,5710.50,5710.80,5643.50,5651.80,830223000
20120416,5651.80,5708.00,5641.10,5666.30,1102065700
20120417,5666.30,5773.70,5651.50,5767.00,856433000
20120418,5767.00,5783.90,5730.90,5745.30,875744800
20120419,5745.30,5792.10,5738.10,5744.50,960873200
20120420,5744.50,5775.70,5724.20,5772.10,847833800
20120423,5772.10,5772.10,5637.70,5665.60,777185400
20120424,5665.60,5714.20,5658.50,5709.50,809912400
20120425,5709.50,5745.00,5703.20,5718.90,859133200
20120426,5718.90,5761.10,5691.70,5748.70,879956000
20120427,5748.70,5789.00,5708.00,5777.10,812249600
20120430,5777.10,5793.00,5728.90,5737.80,784967000
20120501,5737.80,5819.00,5732.20,5812.20,675997000
20120502,5812.20,5819.90,5736.70,5758.10,962324800
20120503,5758.10,5800.80,5745.20,5766.50,788889000
20120504,5766.50,5766.50,5639.80,5655.10,1013188000
20120508,5655.10,5668.10,5550.10,5554.50,1053451900
20120509,5554.50,5571.70,5464.40,5530.00,1006217900
20120510,5530.00,5566.10,5490.50,5544.00,847647600
20120511,5544.00,5585.50,5499.30,5575.50,772657000
20120514,5575.50,5575.60,5436.70,5465.50,884474600
20120515,5465.50,5507.60,5411.80,5437.60,876368200
20120516,5437.60,5448.40,5354.00,5405.30,1026459400
20120517,5405.30,5413.30,5309.80,5338.40,899521400
20120518,5338.40,5338.40,5256.60,5267.60,1225450700
20120521,5267.60,5324.40,5253.90,5304.50,915124000
20120522,5304.50,5408.60,5304.50,5403.30,932305600
20120523,5403.30,5403.70,5262.90,5266.40,998286000
20120524,5266.40,5371.80,5266.40,5350.00,737322400
20120525,5350.00,5385.20,5312.20,5351.50,734402000
20120528,5351.50,5413.80,5341.30,5356.30,510686600
20120529,5356.30,5404.70,5342.50,5391.10,729588000
20120530,5391.10,5391.10,5284.40,5297.30,863652400
20120531,5297.30,5352.00,5272.70,5320.90,1416308300
20120601,5320.90,5354.50,5229.80,5260.20,1056087700
20120606,5260.20,5388.00,5260.20,5384.10,1100447600
20120607,5384.10,5494.50,5384.10,5447.80,1075725100
20120608,5447.80,5447.80,5381.80,5435.10,916902400
20120611,5435.10,5536.30,5419.60,5432.40,991562200
20120612,5432.40,5478.60,5414.60,5473.70,922349000
20120613,5473.70,5507.60,5436.70,5483.80,862162600
20120614,5483.80,5483.80,5424.40,5467.00,985630600
20120615,5467.00,5522.90,5465.10,5478.80,2310999200
20120618,5478.80,5555.30,5461.10,5491.10,879532400
20120619,5491.10,5603.10,5491.00,5586.30,816800600
20120620,5586.30,5623.90,5566.00,5622.30,903447000
20120621,5622.30,5622.30,5564.80,5566.40,787794200
20120622,5566.40,5566.40,5500.00,5513.70,677911200
20120625,5513.70,5513.70,5435.50,5450.60,716161000
20120626,5450.60,5476.50,5436.30,5447.00,631700600
20120627,5447.00,5525.10,5447.00,5523.90,678570400
20120628,5523.90,5533.80,5436.50,5493.10,1027922500
20120629,5493.10,5619.60,5493.10,5571.10,1061820000
20120702,5571.10,5640.60,5571.10,5640.60,699028000
20120703,5640.60,5689.00,5636.00,5687.70,795293400
20120704,5687.70,5699.90,5669.70,5684.50,445463400
20120705,5684.50,5727.50,5662.50,5692.60,767451400
20120706,5692.60,5695.10,5647.50,5662.60,602832000
20120709,5662.60,5669.80,5610.70,5627.30,686238000
20120710,5627.30,5688.70,5622.30,5664.10,607970000
20120711,5664.10,5674.60,5625.60,5664.50,606669000
20120712,5664.50,5664.50,5588.80,5608.30,667432600
20120713,5608.30,5675.60,5608.30,5666.10,609268400
20120716,5666.10,5670.60,5640.90,5662.40,569737800
20120717,5662.40,5676.50,5621.20,5629.10,602763000
20120718,5629.10,5688.30,5624.50,5685.80,672662400
20120719,5685.80,5718.60,5685.80,5714.20,711475200
20120720,5714.20,5714.20,5644.90,5651.80,961834400
20120723,5643.71,5643.71,5510.99,5528.31,0
20120724,5533.90,5556.60,5487.00,5499.20,551196800
20120725,5499.20,5526.10,5478.00,5498.30,621394800
20120726,5498.30,5594.50,5478.00,5573.20,817687600
20120727,5573.51,5630.94,5550.98,5625.33,0
20120730,5627.20,5706.50,5625.70,5693.60,649432800
20120731,5693.60,5695.50,5635.30,5635.30,645790800
20120801,5635.30,5712.80,5633.00,5712.80,554180400
20120802,5712.80,5765.80,5657.30,5662.30,805200600
20120803,5662.30,5794.00,5662.30,5787.30,748571600
20120806,5787.30,5837.60,5767.10,5808.80,613098000
20120807,5808.80,5841.20,5785.00,5841.20,779689000
20120808,5841.20,5845.90,5801.10,5845.90,588922600
20120809,5845.90,5860.20,5828.40,5851.50,741075800
20120810,5851.50,5858.60,5827.70,5847.10,466836800
20120813,5847.10,5852.80,5813.60,5831.90,410854200
20120814,5831.90,5876.20,5831.90,5864.80,628112400
20120815,5864.80,5864.80,5822.30,5833.00,560382800
20120816,5833.00,5846.70,5811.30,5834.50,587478200
20120817,5834.50,5854.70,5834.40,5852.40,732426200
20120820,5852.40,5857.50,5802.90,5824.40,693438400
20120821,5824.40,5872.60,5824.40,5857.50,502599000
20120822,5857.50,5857.50,5771.20,5774.20,535193000
20120823,5774.20,5809.30,5764.00,5776.60,637456200
20120824,5776.60,5791.40,5739.40,5776.60,487763800
20120828,5776.60,5779.50,5749.80,5775.70,524670600
20120829,5775.70,5775.80,5739.20,5743.50,524475400
20120830,5743.50,5743.50,5705.60,5719.50,479197000
20120831,5719.50,5763.80,5708.00,5711.50,851664800
20120903,5711.50,5758.40,5701.10,5758.40,394561400
20120904,5758.40,5758.40,5658.30,5672.00,630889200
20120905,5672.00,5675.90,5634.90,5657.90,740072800
20120906,5657.90,5786.00,5657.90,5777.30,1103242800
20120907,5777.30,5807.60,5772.90,5794.80,1271438300
20120910,5794.80,5806.80,5777.10,5793.20,672891000
20120911,5793.20,5796.60,5764.20,5792.20,784354200
20120912,5792.20,5821.20,5757.60,5782.10,1101683800
20120913,5782.10,5826.60,5770.30,5819.90,819778000
20120914,5819.90,5932.60,5819.90,5915.50,1506216600
20120917,5915.50,5915.70,5883.20,5893.50,691683800
20120918,5893.50,5893.50,5837.50,5868.20,804235800
20120919,5868.20,5894.40,5861.00,5888.50,704137600
20120920,5888.50,5888.50,5824.40,5854.60,656511200
20120921,5854.60,5887.60,5838.90,5852.60,1205429400
20120924,5852.60,5852.60,5806.10,5838.80,736974000
20120925,5838.80,5869.20,5828.30,5859.70,737480800
20120926,5859.70,5859.70,5751.40,5768.10,685845800
20120927,5768.10,5804.10,5763.00,5779.40,550622000
20120928,5779.40,5807.80,5740.50,5742.10,745469400
20121001,5742.10,5843.50,5738.60,5820.50,690293800
20121002,5820.50,5840.40,5781.40,5809.50,704898600
20121003,5809.50,5832.50,5785.00,5825.80,606196800
20121004,5825.80,5854.20,5803.20,5827.80,818041800
20121005,5827.80,5885.60,5827.60,5871.00,883077400
20121008,5871.00,5871.00,5818.80,5841.70,492224000
20121009,5841.70,5856.40,5795.20,5810.30,574468400
20121010,5810.30,5810.50,5776.70,5776.70,681615400
20121011,5776.70,5846.30,5766.70,5829.80,694156400
20121012,5829.80,5829.80,5793.30,5793.30,888088200
20121015,5793.30,5827.90,5786.00,5805.60,695723200
20121016,5805.60,5878.10,5805.60,5870.50,877624400
20121017,5870.50,5915.60,5868.70,5910.90,905140000
20121018,5910.90,5928.30,5896.50,5917.00,878645800
20121019,5917.00,5919.70,5892.20,5896.10,829432600
20121022,5896.10,5911.00,5869.90,5882.90,540570400
20121023,5882.90,5893.40,5789.00,5797.90,654156800
20121024,5797.90,5823.20,5776.60,5804.80,957930400
20121025,5804.80,5840.60,5802.20,5805.00,654435200
20121026,5805.00,5817.90,5753.30,5806.70,622849800
20121029,5806.70,5812.70,5763.50,5795.10,432888800
20121030,5795.10,5852.20,5794.90,5849.90,403992200
20121031,5849.90,5866.70,5782.70,5782.70,874664200
20121101,5782.70,5866.80,5778.00,5861.90,1042673900
20121102,5861.90,5890.10,5844.30,5868.50,855128600
20121105,5868.50,5868.50,5825.50,5839.10,568662200
20121106,5839.10,5885.20,5839.10,5884.90,774892600
20121107,5884.90,5921.80,5789.40,5791.60,922666000
20121108,5791.60,5824.40,5770.70,5776.00,729478400
20121109,5776.00,5786.40,5715.20,5769.70,708900000
20121112,5769.70,5795.30,5762.00,5767.30,654357600
20121113,5767.30,5786.30,5711.00,5786.30,950553800
20121114,5786.30,5786.30,5719.60,5722.00,865457600
20121115,5722.00,5722.00,5674.30,5677.80,800053200
20121116,5677.80,5682.70,5605.60,5605.60,939484400
20121119,5605.60,5739.70,5605.60,5737.70,748670800
20121120,5737.70,5751.80,5706.70,5748.10,803636400
20121121,5748.10,5760.10,5727.90,5752.00,640338800
20121122,5752.00,5796.50,5752.00,5791.00,511821600
20121123,5791.00,5830.50,5781.40,5819.10,427505000
20121126,5819.10,5819.10,5773.90,5786.70,601954400
20121127,5786.70,5823.20,5786.70,5799.70,659091000
20121128,5799.70,5808.30,5755.20,5803.30,610194800
20121129,5803.30,5884.00,5803.30,5870.30,652938200
20121130,5870.30,5904.40,5860.30,5866.80,699208800
20121203,5866.80,5902.00,5859.60,5871.20,512099800
20121204,5871.20,5885.40,5852.90,5869.00,598705000
20121205,5869.00,5902.70,5869.00,5892.10,610548400
20121206,5892.10,5923.90,5889.60,5901.40,637268600
20121207,5901.40,5923.10,5889.90,5914.40,584102400
20121210,5914.40,5924.00,5891.30,5921.60,463904000
20121211,5921.60,5937.90,5908.30,5925.00,516458000
20121212,5925.00,5948.50,5915.90,5945.90,629912400
20121213,5945.90,5947.90,5918.60,5929.60,558011000
20121214,5929.60,5944.50,5915.30,5921.80,529958200
20121217,5921.80,5923.90,5881.00,5912.10,533505800
20121218,5912.10,5946.40,5911.10,5935.90,664631200
20121219,5935.90,5977.80,5935.90,5961.60,747948400
20121220,5961.60,5970.90,5950.10,5958.30,596699400
20121221,5958.30,5958.30,5894.10,5940.00,933059800
20121224,5940.00,5957.70,5937.10,5954.20,149881200
20121227,5954.20,5997.00,5942.40,5954.30,340703400
20121228,5954.30,5976.00,5915.30,5925.40,306906200
20121231,5925.40,5925.40,5873.40,5897.80,164636400
20130102,5897.80,6044.60,5897.80,6027.40,652659400
20130103,6027.40,6051.30,6016.80,6047.30,470665800
20130104,6047.30,6089.80,6038.00,6089.80,548929200
20130107,6089.80,6091.50,6060.80,6064.60,571661600
20130108,6064.60,6088.20,6053.60,6053.60,663115600
20130109,6053.60,6112.30,6053.60,6098.60,812116200
20130110,6098.60,6118.30,6090.60,6101.50,764650200
20130111,6101.50,6121.60,6095.10,6121.60,686181000
20130114,6121.60,6134.20,6104.90,6107.90,628350000
20130115,6107.90,6117.30,6086.20,6117.30,701563800
20130116,6117.30,6117.30,6076.10,6104.00,818412000
20130117,6104.00,6135.90,6087.50,6132.40,623129400
20130118,6132.40,6172.50,6131.90,6154.40,713504600
20130121,6154.40,6182.20,6154.40,6181.00,406293000
20130122,6181.00,6188.60,6149.20,6179.20,558352800
20130123,6179.20,6200.50,6178.50,6197.60,685179600
20130124,6197.60,6271.40,6186.50,6264.90,655654800
20130125,6264.90,6284.50,6247.30,6284.50,585555600
20130128,6284.50,6311.30,6277.00,6294.40,541633400
20130129,6294.40,6346.40,6285.80,6339.20,641748600
20130130,6339.20,6354.50,6316.30,6323.10,691737600
20130131,6323.10,6323.10,6276.90,6276.90,809629200
20130201,6276.90,6354.00,6275.50,6347.20,686175200
20130204,6347.20,6347.30,6236.70,6246.80,765970800
20130205,6246.80,6296.50,6244.10,6282.80,613288000
20130206,6282.80,6321.50,6265.50,6295.30,673857000
20130207,6295.30,6313.00,6216.70,6228.40,721694400
20130208,6228.40,6278.10,6228.40,6263.90,589359200
20130211,6263.90,6294.80,6252.30,6277.10,448134200
20130212,6277.10,6338.40,6259.80,6338.40,813154400
20130213,6338.40,6384.70,6311.60,6359.10,756377600
20130214,6359.10,6364.70,6302.00,6327.40,713898800
20130215,6327.40,6352.20,6309.80,6328.30,636564400
20130218,6328.30,6330.20,6306.80,6318.20,460474800
20130219,6318.20,6385.10,6304.40,6379.10,672871800
20130220,6379.10,6412.40,6368.20,6395.40,756333800
20130221,6395.40,6395.40,6278.00,6291.50,733017000
20130222,6291.50,6347.30,6291.50,6335.70,704666000
20130225,6335.70,6390.10,6324.00,6355.40,994472400
20130226,6355.40,6355.40,6258.60,6270.40,773036600
20130227,6270.40,6335.90,6269.30,6325.90,707922400
20130228,6325.90,6372.00,6325.90,6360.80,910118600
20130301,6360.80,6391.70,6308.60,6378.60,1106390000
20130304,6378.60,6379.30,6333.20,6345.60,704235600
20130305,6345.60,6437.30,6344.80,6432.00,683560800
20130306,6432.00,6461.00,6418.70,6427.60,1098361500
20130307,6427.60,6459.70,6427.30,6439.20,923031400
20130308,6439.20,6489.50,6439.20,6483.60,844774800
20130311,6483.60,6505.30,6473.60,6503.60,630034000
20130312,6503.60,6534.00,6491.80,6510.60,617257000
20130313,6510.60,6510.60,6437.60,6481.50,666769800
20130314,6481.50,6532.60,6478.50,6529.40,792751600
20130315,6529.40,6533.80,6470.10,6489.60,1262249300
20130318,6489.60,6489.60,6386.20,6457.90,789985800
20130319,6457.90,6474.60,6414.50,6441.30,679522800
20130320,6441.30,6475.60,6421.30,6432.70,732609800
20130321,6432.70,6435.60,6364.00,6388.50,641944200
20130322,6388.50,6426.50,6374.50,6392.80,770408600
20130325,6392.80,6458.50,6366.60,6378.40,768531800
20130326,6378.40,6404.50,6369.60,6399.40,650709400
20130327,6399.40,6420.90,6344.20,6387.60,758411800
20130328,6387.60,6447.90,6382.00,6411.70,731707000
20130402,6411.70,6501.80,6408.80,6490.70,913557400
20130403,6490.70,6491.80,6416.70,6420.30,676902200
20130404,6420.30,6426.40,6341.40,6344.10,680161200
20130405,6344.10,6346.80,6214.40,6249.80,668684000
20130408,6249.80,6289.60,6249.80,6276.90,650412400
20130409,6276.90,6326.50,6276.90,6313.20,613730800
20130410,6313.20,6405.20,6313.20,6387.40,678612600
20130411,6387.40,6423.60,6377.50,6416.10,557354800
20130412,6416.10,6416.10,6368.20,6384.40,521445600
20130415,6384.40,6384.40,6300.10,6343.60,576452000
20130416,6343.60,6343.60,6297.50,6304.60,609897600
20130417,6304.60,6334.40,6225.20,6244.20,739341600
20130418,6244.20,6277.80,6225.90,6243.70,670060000
20130419,6243.70,6288.70,6243.70,6286.60,694202800
20130422,6286.60,6342.00,6259.00,6280.60,605846000
20130423,6280.60,6406.10,6278.50,6406.10,719139000
20130424,6406.10,6438.90,6396.20,6431.80,735699000
20130425,6431.80,6467.10,6411.90,6442.60,739178800
20130426,6442.60,6442.60,6399.40,6426.40,560753800
20130429,6426.40,6458.00,6419.30,6458.00,636209400
20130430,6458.00,6483.10,6412.70,6430.10,1081922400
20130501,6430.10,6475.90,6429.80,6451.30,409459800
20130502,6451.30,6470.30,6409.80,6460.70,744888400
20130503,6460.70,6541.70,6451.50,6521.50,768857600
20130507,6521.50,6563.90,6521.40,6557.30,795845400
20130508,6557.30,6587.40,6547.00,6583.50,705687200
20130509,6583.50,6597.30,6571.70,6592.70,750085400
20130510,6592.70,6637.80,6591.60,6625.00,807522600
20130513,6625.00,6633.30,6602.80,6631.80,560541800
20130514,6631.80,6686.10,6618.40,6686.10,618403600
20130515,6686.10,6701.70,6669.00,6693.50,692963200
20130516,6693.50,6714.50,6677.10,6687.80,769493800
20130517,6687.80,6726.90,6669.90,6723.10,855235200
20130520,6723.10,6755.60,6709.10,6755.60,745786000
20130521,6755.60,6803.90,6744.20,6803.90,765287800
20130522,6803.90,6875.60,6781.50,6840.30,980548600
20130523,6840.30,6840.30,6658.80,6696.80,987091200
20130524,6696.80,6720.10,6640.10,6654.30,787892200
20130528,6654.30,6790.70,6654.30,6762.00,658885400
20130529,6762.00,6762.00,6620.80,6627.20,624811600
20130530,6627.20,6657.00,6611.00,6657.00,602549400
20130531,6657.00,6657.10,6577.80,6583.10,1182978500
20130603,6583.10,6583.10,6514.10,6525.10,790082200
20130604,6525.10,6577.00,6525.10,6558.60,806463000
20130605,6558.60,6558.60,6419.30,6419.30,800986600
20130606,6419.30,6435.40,6336.10,6336.10,680974000
20130607,6336.10,6421.40,6313.60,6412.00,786639400
20130610,6412.00,6421.20,6379.60,6400.50,605036600
20130611,6400.50,6401.20,6280.10,6340.10,736368200
20130612,6340.10,6364.30,6295.90,6299.50,694945800
20130613,6299.50,6311.00,6205.70,6304.60,824350800
20130614,6304.60,6343.50,6290.60,6308.30,734161600
20130617,6308.30,6370.80,6308.30,6330.50,575444200
20130618,6330.50,6397.30,6311.40,6374.20,654137200
20130619,6374.20,6383.60,6327.00,6348.80,723618600
20130620,6348.80,6348.80,6145.00,6159.50,874969200
20130621,6159.50,6244.20,6116.20,6116.20,1508289700
20130624,6116.20,6136.10,6023.40,6029.10,864109800
20130625,6029.10,6114.60,6029.10,6101.90,786471800
20130626,6101.90,6177.90,6089.20,6165.50,754668000
20130627,6165.50,6271.80,6165.50,6243.40,803972600
20130628,6243.40,6268.80,6207.70,6215.50,921420800
20130701,6215.50,6317.00,6215.40,6307.80,657027000
20130702,6307.80,6314.10,6266.50,6303.90,560698800
20130703,6303.90,6303.90,6185.20,6229.90,663008600
20130704,6229.90,6431.40,6229.90,6421.70,824171600
20130705,6421.70,6498.60,6364.40,6375.50,725870000
20130708,6375.50,6476.10,6375.50,6450.10,622004000
20130709,6450.10,6530.90,6450.10,6513.10,658794800
20130710,6513.10,6535.90,6472.40,6505.00,608646600
20130711,6505.00,6585.70,6505.00,6543.40,646463200
20130712,6543.40,6583.90,6540.20,6544.90,595530200
20130715,6544.90,6605.90,6544.90,6586.10,585046200
20130716,6586.10,6606.40,6556.40,6556.40,746494800
20130717,6556.40,6595.60,6517.40,6571.90,694631000
20130718,6571.90,6657.40,6555.80,6634.40,658456000
20130719,6634.40,6635.20,6592.10,6630.70,768285600
20130722,6630.70,6645.00,6608.20,6623.20,503256000
20130723,6623.20,6657.70,6597.40,6597.40,673295800
20130724,6597.40,6662.20,6581.60,6620.40,595811200
20130725,6620.40,6625.40,6540.40,6588.00,505143000
20130726,6588.00,6629.90,6535.20,6554.80,455317800
20130729,6554.80,6606.40,6544.10,6560.30,487601000
20130730,6560.30,6600.70,6560.30,6570.90,696264200
20130731,6570.90,6659.40,6556.60,6621.10,751660500
20130801,6621.10,6682.00,6607.30,6682.00,977036000
20130802,6682.00,6696.60,6623.90,6647.90,660354300
20130805,6647.90,6684.90,6590.10,6619.60,606593100
20130806,6619.60,6630.10,6562.30,6604.20,698361700
20130807,6604.20,6625.00,6511.20,6511.20,641421900
20130808,6511.20,6558.60,6507.20,6529.70,566013400
20130809,6529.70,6601.20,6529.50,6583.40,632996000
20130812,6583.40,6598.40,6547.00,6574.30,478927500
20130813,6574.30,6620.40,6568.40,6611.90,568866700
20130814,6611.90,6628.00,6582.60,6587.40,681842200
20130815,6587.40,6587.90,6460.10,6483.30,667125400
20130816,6483.30,6502.30,6461.30,6500.00,650228300
20130819,6500.00,6506.60,6457.70,6465.70,467686800
20130820,6465.70,6465.70,6398.60,6453.50,620943400
20130821,6453.50,6453.60,6386.70,6390.80,607065200
20130822,6390.80,6468.90,6390.60,6446.90,501967700
20130823,6446.90,6516.70,6422.40,6492.10,486112600
20130827,6492.10,6494.20,6424.00,6441.00,760395800
20130828,6441.00,6441.00,6393.60,6430.10,748559900
20130829,6430.10,6500.50,6430.00,6483.00,876420200
20130830,6483.00,6502.20,6409.60,6412.90,797043200
20130902,6412.90,6532.30,6412.90,6506.20,596599000
20130903,6506.20,6523.20,6457.00,6468.40,737860200
20130904,6468.40,6486.40,6423.50,6474.70,717066000
20130905,6474.70,6543.20,6461.70,6532.40,758348500
20130906,6532.40,6568.20,6492.50,6547.30,606304200
20130909,6547.30,6555.90,6508.80,6530.70,586911600
20130910,6530.70,6599.50,6530.70,6584.00,730044200
20130911,6584.00,6589.90,6559.70,6588.40,709330400
20130912,6588.40,6606.10,6558.60,6589.00,619446600
20130913,6589.00,6589.00,6561.80,6583.80,495637800
20130916,6583.80,6652.70,6583.80,6622.90,565475200
20130917,6622.90,6623.00,6570.20,6570.20,1201089700
20130918,6570.20,6587.60,6532.50,6558.80,795710600
20130919,6558.80,6659.10,6558.80,6625.40,799988500
20130920,6625.40,6629.90,6594.20,6596.40,1538850400
20130923,6596.40,6601.50,6542.70,6557.40,592407000
20130924,6557.40,6585.40,6549.90,6571.50,663765500
20130925,6571.50,6588.00,6526.40,6551.50,828370700
20130926,6551.50,6580.90,6535.80,6565.60,553128300
20130927,6565.60,6568.90,6487.30,6512.70,561543500
20130930,6512.70,6512.70,6438.70,6462.20,667902900
20131001,6462.20,6466.30,6424.40,6460.00,599067800
20131002,6460.00,6460.00,6386.20,6437.50,575169800
20131003,6437.50,6472.40,6436.20,6449.00,618471300
20131004,6449.00,6473.60,6429.00,6453.90,530171800
20131007,6453.90,6453.90,6391.50,6437.30,484158900
20131008,6437.30,6437.70,6365.00,6365.80,718272100
20131009,6365.80,6372.60,6316.90,6337.90,606274000
20131010,6337.90,6446.20,6337.90,6430.50,665238500
20131011,6430.50,6489.20,6430.50,6487.20,545658000
20131014,6487.20,6507.80,6464.40,6507.70,434972100
20131015,6507.70,6569.30,6507.70,6549.10,603859600
20131016,6549.10,6584.40,6504.30,6571.60,663774200
20131017,6571.60,6576.20,6529.20,6576.20,669589600
20131018,6576.20,6622.70,6576.20,6622.60,710029000
20131021,6622.60,6654.20,6617.80,6654.20,494967100
20131022,6654.20,6719.30,6653.70,6695.70,575007200
20131023,6695.70,6695.90,6655.20,6674.50,643936600
20131024,6674.50,6719.30,6674.20,6713.20,601320900
20131025,6713.20,6729.70,6700.40,6721.30,569150500
20131028,6721.30,6739.70,6704.20,6725.80,590265200
20131029,6725.80,6777.20,6718.90,6774.70,781277300
20131030,6774.70,6819.90,6763.70,6777.70,656351600
20131031,6777.70,6778.30,6719.50,6731.40,742779000
20131101,6731.40,6760.90,6715.30,6734.70,675463600
20131104,6734.70,6780.10,6734.60,6763.60,510560500
20131105,6763.60,6773.90,6708.50,6746.80,723671000
20131106,6746.80,6768.20,6735.60,6741.70,636589100
20131107,6741.70,6779.20,6680.00,6697.20,641427800
20131108,6697.20,6713.90,6643.90,6708.40,605443100
20131111,6708.40,6744.80,6702.00,6728.40,633862400
20131112,6728.40,6728.40,6693.30,6726.80,589417300
20131113,6726.80,6726.80,6614.00,6630.00,723057200
20131114,6630.00,6696.20,6630.00,6666.10,624198000
20131115,6666.10,6703.10,6665.50,6693.40,588645400
20131118,6693.40,6732.10,6671.60,6723.50,539249500
20131119,6723.50,6723.50,6677.90,6698.00,532008000
20131120,6698.00,6711.40,6661.70,6681.10,559444300
20131121,6681.10,6697.70,6643.50,6681.30,483785600
20131122,6681.30,6711.00,6661.00,6674.30,495703600
20131125,6674.30,6709.10,6674.30,6694.60,465826400
20131126,6694.60,6697.00,6636.20,6636.20,985377900
20131127,6636.20,6664.10,6635.70,6649.50,580646900
20131128,6649.50,6679.50,6642.60,6654.50,462672800
20131129,6654.50,6681.60,6648.50,6650.60,535923900
20131202,6650.60,6657.40,6595.20,6595.30,559055000
20131203,6595.30,6595.50,6531.30,6532.40,685375800
20131204,6532.40,6544.70,6479.70,6510.00,780322500
20131205,6510.00,6518.90,6487.20,6498.30,558155600
20131206,6498.30,6555.70,6496.30,6552.00,564649200
20131209,6552.00,6568.40,6534.70,6559.50,506315300
20131210,6559.50,6571.90,6519.00,6523.30,553693100
20131211,6523.30,6555.60,6507.70,6507.70,524482200
20131212,6507.70,6507.70,6436.00,6445.30,663531300
20131213,6445.30,6462.80,6433.50,6440.00,705414500
20131216,6440.00,6531.20,6422.20,6522.20,654077800
20131217,6522.20,6522.20,6482.60,6486.20,584164400
20131218,6486.20,6524.50,6486.20,6492.10,529477800
20131219,6492.10,6566.40,6492.10,6555.10,388453600
20131220,6584.70,6616.80,6576.80,6606.60,1096668200
20131223,6606.60,6678.60,6606.20,6678.60,351999300
20131224,6678.60,6712.10,6672.20,6694.20,101669600
20131227,6694.20,6754.10,6694.20,6750.90,291262200
20131230,6750.90,6768.40,6718.20,6731.30,295553400
20131231,6731.30,6757.00,6731.30,6749.10,153445200
20140102,6749.10,6759.40,6707.50,6717.90,459529100
20140103,6717.90,6747.30,6699.30,6730.70,374841400
20140106,6730.70,6752.00,6714.60,6730.70,524386900
20140107,6730.70,6768.90,6718.10,6755.50,672375600
20140108,6755.50,6755.50,6713.40,6721.80,720223400
20140109,6721.80,6746.40,6679.30,6691.30,782896500
20140110,6691.30,6769.90,6691.30,6739.90,811611800
20140113,6739.90,6765.60,6731.00,6757.20,598026800
20140114,6757.20,6772.60,6694.10,6766.90,571046500
20140115,6766.90,6825.20,6766.90,6819.90,693715800
20140116,6819.90,6831.70,6811.20,6815.40,714152700
20140117,6815.40,6840.50,6800.00,6829.30,1000005200
20140120,6829.30,6837.50,6810.60,6836.70,424810600
20140121,6836.70,6867.40,6822.30,6834.30,619078800
20140122,6834.30,6864.90,6821.80,6826.30,548899600
20140123,6826.30,6837.20,6760.60,6773.30,668825200
20140124,6773.30,6784.40,6654.90,6663.70,844748200
20140127,6663.70,6665.40,6539.30,6550.70,985294500
20140128,6550.70,6590.70,6550.70,6572.30,675933100
20140129,6572.30,6645.20,6482.70,6544.30,990211400
20140130,6544.30,6573.90,6503.30,6538.50,756194200
20140131,6538.50,6548.50,6421.30,6510.40,751687100
20140203,6510.40,6538.30,6460.00,6465.70,829888600
20140204,6465.70,6478.20,6416.70,6449.30,923218900
20140205,6449.30,6483.70,6423.80,6457.90,810223800
20140206,6457.90,6566.00,6457.90,6558.30,830569300
20140207,6558.30,6596.30,6540.80,6571.70,709095800
20140210,6571.70,6597.00,6565.30,6591.60,593919800
20140211,6591.60,6672.70,6591.60,6672.70,934972000
20140212,6672.70,6708.20,6669.10,6675.00,821211900
20140213,6675.00,6675.20,6608.10,6659.40,1170917600
20140214,6659.40,6672.20,6646.50,6663.60,912852700
20140217,6663.60,6745.60,6661.50,6736.00,630547500
20140218,6736.00,6802.90,6716.60,6796.40,828311700
20140219,6796.40,6810.50,6759.90,6796.70,793947100
20140220,6796.70,6813.00,6732.00,6813.00,745785700
20140221,6813.00,6859.90,6813.00,6838.10,1024984200
20140224,6838.10,6865.90,6797.80,6865.90,1068068300
20140225,6862.70,6866.40,6790.90,6830.50,1163984100
20140226,6830.50,6834.10,6785.30,6799.20,739193300
20140227,6799.20,6819.20,6733.50,6810.30,860420000
20140228,6810.30,6833.80,6785.50,6809.70,924578400
20140303,6809.70,6809.70,6671.90,6708.40,829082600
20140304,6708.40,6827.20,6708.40,6823.80,734136300
20140305,6823.80,6824.20,6771.50,6775.40,630136500
20140306,6775.40,6806.60,6771.00,6788.50,666186300
20140307,6788.50,6800.70,6706.40,6712.70,793752600
20140310,6712.70,6757.00,6671.60,6689.50,820416900
20140311,6689.50,6718.30,6660.60,6685.50,868947800
20140312,6685.50,6685.50,6598.40,6620.90,891943200
20140313,6620.90,6631.40,6552.50,6553.80,895818900
20140314,6553.80,6553.80,6500.40,6527.90,847299400
20140317,6527.90,6592.40,6527.90,6568.40,692708400
20140318,6568.40,6628.20,6534.90,6605.30,723690100
20140319,6605.30,6609.50,6566.90,6573.10,1051188400
20140320,6573.10,6573.10,6492.60,6542.40,795074200
20140321,6542.40,6572.10,6537.90,6557.20,1501522000
20140324,6557.20,6569.00,6506.40,6520.40,762850300
20140325,6520.40,6604.90,6520.40,6604.90,674287000
20140326,6604.90,6643.60,6601.80,6605.30,1429765600
20140327,6605.30,6605.30,6561.40,6588.30,850226700
20140328,6588.30,6631.50,6585.70,6615.60,1001322600
20140331,6615.60,6658.40,6583.10,6598.40,868366300
20140401,6598.40,6660.30,6598.40,6652.60,857737300
20140402,6652.60,6672.70,6639.60,6659.00,973749400
20140403,6659.00,6680.80,6638.50,6649.10,670678000
20140404,6649.10,6706.30,6649.10,6695.60,876352600
20140407,6695.60,6695.60,6614.70,6622.80,667468200
20140408,6622.80,6625.20,6549.80,6590.70,1056680100
20140409,6590.70,6654.10,6590.40,6635.60,758993600
20140410,6635.60,6688.30,6620.40,6642.00,671373100
20140411,6642.00,6642.00,6538.80,6561.70,817952500
20140414,6561.70,6583.80,6507.10,6583.80,983152200
20140415,6583.80,6594.20,6534.20,6541.60,858936000
20140416,6541.60,6597.00,6541.60,6584.20,686337200
20140417,6584.20,6627.30,6559.40,6625.30,842349900
20140422,6625.30,6706.20,6625.30,6681.80,843999800
20140423,6681.80,6694.80,6661.40,6674.70,637850100
20140424,6674.70,6724.60,6667.70,6703.00,616106700
20140425,6703.00,6704.40,6657.30,6685.70,578697500
20140428,6685.70,6720.30,6682.90,6700.20,652775300
20140429,6700.20,6769.90,6700.10,6769.90,674490500
20140430,6769.90,6794.90,6748.80,6780.00,773112200
20140501,6780.00,6811.60,6773.70,6808.90,649344400
20140502,6808.90,6838.20,6798.60,6822.40,746449000
20140506,6822.40,6828.60,6785.30,6798.60,732623500
20140507,6798.60,6799.30,6766.80,6796.40,768894900
20140508,6796.40,6840.40,6796.40,6839.30,818478900
20140509,6839.30,6839.40,6805.40,6814.60,617677000
20140512,6814.60,6851.80,6814.60,6851.80,565733200
20140513,6851.80,6877.40,6846.00,6873.10,631554800
20140514,6873.10,6880.10,6854.00,6878.50,529825700
20140515,6878.50,6894.90,6821.70,6840.90,896969900
20140516,6840.90,6855.90,6813.50,6855.80,985979600
20140519,6855.80,6862.20,6804.30,6844.60,745674100
20140520,6844.60,6848.40,6792.50,6802.00,680773300
20140521,6802.00,6821.00,6782.80,6821.00,733746900
20140522,6821.00,6846.60,6810.20,6820.60,564880200
20140523,6820.60,6825.50,6793.50,6815.80,485846000
20140527,6815.80,6857.10,6815.40,6844.90,585487200
20140528,6844.90,6855.80,6833.60,6851.20,577490600
20140529,6851.20,6882.10,6848.10,6871.30,403366600
20140530,6871.30,6874.30,6832.00,6844.50,1174009700
20140602,6844.50,6874.40,6844.50,6864.10,573724300
20140603,6864.10,6865.40,6818.00,6836.30,505128700
20140604,6836.30,6840.60,6800.10,6818.60,575435900
20140605,6818.60,6847.00,6795.30,6813.50,627405700
20140606,6813.50,6862.90,6813.50,6858.20,774866500
20140609,6858.20,6879.00,6857.70,6875.00,388132800
20140610,6875.00,6875.20,6835.80,6873.60,535388800
20140611,6873.60,6873.60,6825.20,6838.90,676538600
20140612,6838.90,6853.20,6827.00,6843.10,527380800
20140613,6843.10,6843.10,6758.20,6777.90,640614600
20140616,6777.90,6779.40,6748.00,6754.60,604240100
20140617,6754.60,6774.90,6736.10,6766.80,577374400
20140618,6766.80,6799.60,6766.80,6778.60,511450700
20140619,6778.60,6837.60,6778.60,6808.10,564148400
20140620,6808.10,6840.60,6791.20,6825.20,1020446400
20140623,6825.20,6829.80,6785.80,6800.60,466639400
20140624,6800.60,6824.50,6776.80,6787.10,570127000
20140625,6787.10,6787.10,6716.40,6733.60,585547600
20140626,6733.60,6753.30,6701.60,6735.10,902551300
20140627,6735.10,6767.60,6735.10,6757.80,516986900
20140630,6757.80,6777.10,6730.50,6743.90,614336500
20140701,6743.90,6805.90,6743.90,6802.90,514345100
20140702,6802.90,6829.50,6796.60,6816.40,479498000
20140703,6816.40,6866.60,6815.50,6865.20,523958700
20140704,6865.20,6875.30,6856.40,6866.10,329363500
20140707,6866.10,6866.40,6817.60,6823.50,389059700
20140708,6823.50,6831.00,6738.50,6738.50,660675300
20140709,6738.50,6740.80,6692.80,6718.00,602260300
20140710,6718.00,6724.80,6643.60,6672.40,764873500
20140711,6672.40,6696.10,6663.70,6690.20,533174800
20140714,6690.20,6760.70,6690.20,6746.10,468494700
20140715,6746.10,6764.00,6709.20,6710.50,604327700
20140716,6710.50,6792.60,6710.50,6784.70,610714400
20140717,6784.70,6784.70,6727.70,6738.30,631724300
20140718,6738.30,6749.90,6690.90,6749.50,585590200
20140721,6749.50,6753.40,6715.80,6728.40,470701900
20140722,6728.40,6801.80,6728.40,6795.30,538472400
20140723,6795.30,6822.70,6773.10,6798.20,589203600
20140724,6798.20,6821.50,6767.30,6821.50,541591300
20140725,6821.50,6830.80,6780.70,6791.60,661620000
20140728,6791.60,6809.60,6761.80,6788.10,528691400
20140729,6788.10,6833.70,6784.00,6807.80,527703100
20140730,6807.80,6815.30,6758.20,6773.40,692780400
20140731,6773.40,6797.10,6716.30,6730.10,919865400
20140801,6730.10,6730.10,6624.70,6679.20,695334800
20140804,6679.20,6715.60,6669.90,6677.50,522832700
20140805,6677.50,6713.50,6671.50,6682.50,512852200
20140806,6682.50,6682.50,6588.40,6636.20,803798800
20140807,6636.20,6649.10,6589.80,6597.40,565630100
20140808,6597.40,6597.40,6528.70,6567.40,645423400
20140811,6567.40,6645.80,6567.40,6632.80,494367000
20140812,6632.80,6643.70,6612.50,6632.40,448281800
20140813,6632.40,6664.30,6626.00,6656.70,527733500
20140814,6656.70,6694.60,6641.80,6685.30,512629300
20140815,6685.30,6742.80,6685.30,6689.10,545581000
20140818,6689.10,6745.70,6689.10,6741.30,413053500
20140819,6741.30,6782.90,6740.70,6779.30,463536900
20140820,6779.30,6781.20,6739.80,6755.50,466211000
20140821,6755.50,6780.70,6752.70,6777.70,423431000
20140822,6777.70,6784.60,6746.40,6775.30,571522600
20140826,6775.30,6827.30,6775.30,6822.80,538317700
20140827,6822.80,6830.70,6813.20,6830.70,481233300
20140828,6830.70,6831.20,6796.90,6805.80,498070100
20140829,6805.80,6828.90,6782.60,6819.80,720978600
20140901,6819.80,6825.30,6798.30,6825.30,404272400
20140902,6825.30,6849.30,6812.30,6829.20,820230900
20140903,6829.20,6898.60,6826.70,6873.60,674899700
20140904,6873.60,6904.90,6866.30,6878.00,689038700
20140905,6878.00,6885.00,6829.10,6855.10,596549800
20140908,6855.10,6855.10,6773.80,6834.80,754127500
20140909,6834.80,6846.20,6812.50,6829.00,580798600
20140910,6829.00,6847.80,6800.00,6830.10,585612100
20140911,6830.10,6857.50,6764.90,6799.60,648015500
20140912,6799.60,6832.20,6799.40,6807.00,552974800
20140915,6807.00,6813.90,6771.70,6804.20,529231800
20140916,6804.20,6804.30,6748.10,6792.20,592887700
20140917,6792.20,6816.90,6780.90,6780.90,596526700
20140918,6780.90,6822.60,6769.60,6819.30,644480400
20140919,6819.30,6876.00,6819.30,6837.90,1551957500
20140922,6837.90,6838.40,6766.90,6773.60,675055200
20140923,6773.60,6777.30,6647.20,6676.10,762840800
20140924,6676.10,6707.30,6652.00,6706.30,793646000
20140925,6706.30,6726.40,6621.50,6639.70,927894000
20140926,6639.70,6664.00,6615.10,6649.40,589221500
20140929,6649.40,6653.90,6608.70,6646.60,564786600
20140930,6646.60,6658.90,6601.60,6622.70,882273900
20141001,6622.70,6622.80,6539.70,6557.50,789707300
20141002,6557.50,6557.70,6446.40,6446.40,807089800
20141003,6446.40,6542.90,6446.40,6527.90,750613100
20141006,6527.90,6588.30,6527.90,6563.70,722223000
20141007,6563.70,6563.80,6495.60,6495.60,858099000
20141008,6495.60,6502.40,6453.80,6482.20,822967200
20141009,6482.20,6544.20,6425.20,6431.90,864389000
20141010,6431.90,6431.90,6328.40,6340.00,897708400
20141013,6340.00,6387.40,6294.60,6366.20,846365400
20141014,6366.20,6403.40,6304.30,6392.70,831098100
20141015,6392.70,6405.00,6211.60,6211.60,1137435900
20141016,6211.60,6283.00,6072.70,6195.90,1697447000
20141017,6195.90,6313.00,6188.00,6310.30,1106053200
20141020,6310.30,6320.30,6238.60,6267.10,723302900
20141021,6267.10,6372.30,6229.40,6372.30,856658100
20141022,6372.30,6401.50,6341.40,6399.70,727170300
20141023,6399.70,6430.30,6313.30,6419.20,840402100
20141024,6419.20,6419.20,6372.40,6388.70,717827900
20141027,6388.70,6443.80,6336.10,6363.50,781565600
20141028,6363.50,6412.00,6363.50,6402.20,800681500
20141029,6402.20,6475.40,6402.20,6453.90,700842900
20141030,6453.90,6483.20,6378.20,6463.60,815851600
20141031,6463.60,6553.40,6463.60,6546.50,1062914700
20141103,6546.50,6559.60,6478.50,6488.00,712567500
20141104,6488.00,6510.30,6444.90,6454.00,816651600
20141105,6454.00,6539.10,6454.00,6539.10,769396700
20141106,6539.10,6580.20,6503.80,6551.20,799914900
20141107,6551.20,6608.20,6551.20,6567.20,764955100
20141110,6567.20,6611.30,6566.80,6611.30,575418400
20141111,6611.30,6632.60,6605.30,6627.40,764945500
20141112,6627.40,6629.30,6588.90,6611.00,703040700
20141113,6611.00,6645.90,6596.90,6635.50,721388700
20141114,6635.50,6654.40,6610.10,6654.40,627535100
20141117,6654.40,6681.60,6616.10,6672.00,537365300
20141118,6672.00,6714.10,6671.80,6709.10,653233800
20141119,6709.10,6718.90,6678.10,6696.60,802689100
20141120,6696.60,6696.80,6641.10,6678.90,640496600
20141121,6678.90,6773.10,6678.90,6750.80,845575400
20141124,6750.80,6764.00,6720.10,6729.80,680406300
20141125,6729.80,6750.90,6709.30,6731.10,907288200
20141126,6731.10,6765.00,6718.50,6729.20,586890500
20141127,6729.20,6749.90,6713.80,6723.40,517208400
20141128,6723.40,6734.70,6667.10,6722.60,839390500
20141201,6722.60,6722.60,6637.40,6656.40,728046400
20141202,6656.40,6744.30,6656.40,6742.10,654954300
20141203,6742.10,6753.20,6713.80,6716.60,707002000
20141204,6716.60,6734.00,6672.70,6679.40,699897800
20141205,6679.40,6751.30,6679.40,6742.80,678464700
20141208,6742.80,6742.80,6672.20,6672.20,513903800
20141209,6672.20,6672.20,6529.50,6529.50,951132300
20141210,6529.50,6565.80,6500.00,6500.00,692354700
20141211,6500.00,6521.70,6441.30,6461.70,757393100
20141212,6461.70,6461.70,6297.40,6300.60,793966500
20141215,6300.60,6356.30,6182.70,6182.70,985776000
20141216,6182.70,6331.80,6144.70,6331.80,1037451400
20141217,6331.80,6359.70,6240.30,6336.50,745851900
20141218,6336.50,6466.00,6336.50,6466.00,967411900
20141219,6466.00,6566.90,6466.00,6545.30,0
20141222,6545.30,6621.00,6545.30,6576.70,0
20141223,6576.70,6620.50,6576.70,6598.20,0
20141224,6598.20,6618.10,6586.10,6609.90,0
20141229,6609.90,6652.00,6587.90,6633.50,0
20141230,6633.50,6633.50,6528.90,6547.00,0
20141231,6547.00,6578.20,6547.00,6566.10,0
20150102,6566.10,6607.90,6510.60,6547.80,0
20150105,6547.80,6576.70,6404.50,6417.20,0
20150106,6417.20,6452.70,6328.60,6366.50,0
20150107,6366.50,6459.70,6366.50,6419.80,0
20150108,6419.80,6580.80,6419.80,6570.00,0
20150109,6570.00,6570.20,6471.40,6501.10,0
20150112,6501.10,6542.40,6447.90,6501.40,0
20150113,6501.40,6558.80,6465.20,6542.20,0
20150114,6542.20,6542.20,6353.70,6388.50,971256900
20150115,6388.50,6498.80,6298.20,6498.80,0
20150116,6498.80,6553.20,6443.30,6550.30,0
20150119,6550.30,6598.90,6548.00,6585.50,537915700
20150120,6585.50,6640.40,6585.50,6620.10,0
20150121,6620.10,6728.00,6620.10,6728.00,847589600
20150122,6728.00,6808.20,6726.20,6796.60,926018400
20150123,6796.60,6841.70,6796.60,6832.80,839368300
20150126,6832.80,6855.90,6790.10,6852.40,611915000
20150127,6852.40,6865.00,6773.50,6811.60,0
20150128,6811.60,6863.00,6777.10,6825.90,779603800
20150129,6825.90,6825.90,6750.20,6810.60,704517100
20150130,6810.60,6844.00,6749.40,6749.40,799357300
20150202,6749.40,6795.50,6732.00,6782.60,757554400
20150203,6782.60,6886.30,6782.40,6871.80,0
20150204,6871.80,6883.50,6804.10,6860.00,817845800
20150205,6860.00,6870.10,6808.20,6865.90,731200400
20150206,6865.90,6886.20,6835.50,6853.40,0
20150209,6853.40,6853.40,6778.00,6837.20,620697200
20150211,6829.10,6838.30,6786.10,6818.20,623275800
20150212,6818.20,6854.60,6817.20,6828.10,0
20150213,6828.10,6887.60,6828.10,6873.50,0
20150216,6873.50,6878.70,6851.80,6857.10,415979100
20150217,6857.10,6898.10,6819.80,6898.10,0
20150218,6898.10,6921.30,6876.30,6898.10,0
20150219,6898.10,6907.30,6858.70,6888.90,0
20150220,6888.90,6920.50,6884.80,6915.20,764028800
20150223,6915.20,6943.60,6885.90,6912.20,680805600
20150224,6912.20,6958.90,6899.60,6949.60,831640000
20150225,6949.60,6955.40,6904.90,6935.40,697704800
20150226,6935.40,6950.00,6920.50,6949.70,782087000
20150227,6949.70,6967.20,6929.80,6946.70,881579100
20150302,6946.70,6974.30,6924.30,6940.60,778879400
20150303,6940.60,6963.60,6889.10,6889.10,784037600
20150304,6889.10,6919.20,6862.90,6919.20,0
20150305,6919.20,6968.60,6914.10,6961.10,0
20150306,6961.10,6961.20,6911.80,6911.80,0
20150309,6911.80,6911.80,6859.80,6876.50,0
20150310,6876.50,6876.90,6702.80,6702.80,0
20150311,6702.80,6739.00,6693.80,6721.50,0
20150312,6721.50,6799.80,6721.50,6761.10,845927100
20150313,6761.10,6777.80,6713.50,6740.60,710321200
20150316,6740.60,6809.10,6740.60,6804.10,685731900
20150317,6804.10,6846.90,6798.50,6837.60,757362800
20150318,6837.60,6945.20,6837.30,6945.20,772632700
20150319,6945.20,6982.80,6929.70,6962.30,809174400
20150320,6962.30,7024.20,6960.80,7022.50,1419421400
20150323,7022.50,7037.70,6991.40,7037.70,673591200
20150324,7037.70,7065.10,7012.50,7019.70,702620900
20150325,7019.70,7035.10,6983.90,6991.00,645837600
20150326,6991.00,6991.00,6876.80,6895.30,936518300
20150327,6895.30,6910.60,6839.90,6855.00,736697300
20150330,6855.00,6914.60,6855.00,6891.40,639393900
20150331,6891.40,6910.10,6765.10,6773.00,900335700
20150401,6773.00,6856.40,6765.40,6809.50,800482200
20150402,6809.50,6849.90,6801.30,6833.50,575894800
20150407,6833.50,6967.70,6833.50,6961.80,704104300
20150408,6961.80,7012.10,6931.60,6937.40,865524000
20150409,6937.40,7017.00,6937.40,7015.40,698600800
20150410,7015.40,7095.40,7015.40,7089.80,801926500
20150413,7089.80,7089.80,7046.70,7064.30,592637100
20150414,7064.30,7086.10,7044.60,7075.30,669927300
20150415,7075.30,7111.70,7058.30,7096.80,722590500
20150416,7096.7998,7119.3999,7057.7002,7060.50,750900800
20150417,7060.50,7093.50,6979.2998,6994.6001,776519900
20150420,6994.6001,7067.7998,6994.6001,7052.1001,583888000
20150421,7052.1001,7105.1001,7030.00,7062.8999,655787700
20150422,7062.8999,7092.2998,6997.2002,7028.2002,785146300
20150423,7028.2002,7055.2002,6995.7998,7053.7002,714656500
20150424,7053.7002,7102.6001,7051.2002,7070.7002,796682000
20150427,7070.7002,7122.7002,7025.2998,7104.00,679761700
20150428,7104.00,7104.00,6984.00,7030.50,796371600
20150429,7030.50,7058.2002,6945.6001,6946.2998,767322400
20150430,6946.2998,6970.2998,6906.2002,6960.6001,906266700
20150501,6960.6001,6995.3999,6919.3999,6986.00,838058900
20150505,6986.00,7053.2002,6927.6001,6927.6001,1019856100
20150506,6927.6001,6974.7998,6913.50,6933.7002,883946300
20150507,6933.7002,6933.7002,6810.1001,6887.00,945024800
20150508,6887.00,7046.7998,6885.7998,7046.7998,1385914100
20150511,7046.7998,7083.7002,7025.2002,7029.8999,792210200
20150512,7029.8999,7029.8999,6887.50,6933.7998,839991900
20150513,6933.7998,6989.8999,6920.7002,6949.6001,795743700
20150514,6949.6001,6977.8999,6884.6001,6973.00,603503300
20150515,6973.00,7009.3999,6937.1001,6960.50,703827400
20150518,6960.50,7015.50,6931.6001,6968.8999,614216300
20150519,6968.8999,7011.3999,6968.8999,6995.1001,778022500
20150520,6995.1001,7018.7002,6962.1001,7007.2998,825148300
20150521,7007.2998,7026.00,6994.2998,7013.50,565597600
20150522,7013.50,7061.7002,7013.50,7031.7002,621811200
20150526,7031.7002,7039.6001,6930.2998,6949.00,672679700
20150527,6949.00,7054.1001,6948.6001,7033.2998,648739500
20150528,7033.2998,7049.6001,7005.8999,7040.8999,606689900
20150529,7040.8999,7069.8999,6967.8999,6984.3999,1177305700
20150601,6984.3999,7037.6001,6942.7002,6953.6001,694968900
20150602,6953.6001,6972.2998,6872.1001,6928.2998,864607700
20150603,6928.2998,6985.7002,6901.7998,6950.50,701168000
20150604,6950.50,6950.50,6839.00,6859.2002,783604900
20150605,6859.2002,6859.2002,6785.2002,6804.6001,754508500
20150608,6804.6001,6827.2002,6781.7002,6790.00,539187300
20150609,6790.00,6803.799805,6736.899902,6753.799805,682109200
20150610,6753.799805,6843.600098,6734.200195,6830.299805,818584900
20150611,6830.299805,6870.200195,6807.299805,6846.700195,678574100
20150612,6846.700195,6846.700195,6760.100098,6784.899902,592427400
20150615,6784.899902,6784.899902,6708.50,6710.50,557004700
20150616,6710.50,6723.50,6656.899902,6710.100098,718299200
20150617,6710.100098,6731.50,6666.00,6680.600098,685273800
20150618,6680.600098,6707.899902,6625.200195,6707.899902,773442100
20150619,6707.899902,6759.299805,6691.799805,6710.50,0
20150622,6710.50,6825.700195,6710.50,6825.700195,749484400
20150623,6825.700195,6856.50,6825.700195,6834.899902,580137000
20150624,6834.899902,6873.399902,6834.299805,6844.799805,668257700
20150625,6844.799805,6869.00,6798.799805,6807.799805,655333800
20150626,6807.799805,6807.799805,6731.100098,6753.700195,597278600
20150629,6753.700195,6753.700195,6598.600098,6620.50,762752000
20150630,6620.50,6620.799805,6521.00,6521.00,882243000
20150701,6521.00,6637.299805,6521.00,6608.600098,789588400
20150702,6608.600098,6647.700195,6600.399902,6630.50,590421700
20150703,6630.50,6630.799805,6572.50,6585.799805,448998200
20150706,6585.799805,6585.799805,6506.700195,6535.700195,610644900
20150707,6535.700195,6543.799805,6432.200195,6432.200195,767758000
20150708,6432.200195,6515.100098,6430.399902,6490.700195,913111000
20150709,6490.700195,6594.200195,6490.700195,6581.600098,764973200
20150710,6581.600098,6687.600098,6581.600098,6673.399902,699409100
20150713,6673.399902,6743.100098,6673.399902,6738.00,643184300
20150714,6738.00,6753.799805,6710.600098,6753.799805,0
20150715,6753.799805,6775.899902,6728.50,6753.799805,549549300
20150716,6753.799805,6805.100098,6752.100098,6796.50,587458400
20150717,6796.50,6799.799805,6764.799805,6775.100098,584213200
20150720,6775.100098,6813.399902,6772.100098,6788.700195,419532500
20150721,6788.700195,6800.100098,6758.799805,6769.100098,556304800
20150722,6769.100098,6769.100098,6653.399902,6667.299805,693476700
20150723,6667.299805,6711.50,6644.899902,6655.00,632287000
20150724,6655.00,6684.799805,6574.00,6579.799805,644793200
20150727,6579.799805,6589.50,6495.700195,6505.100098,678322600
20150728,6505.100098,6569.50,6505.100098,6555.299805,709236100
20150729,6555.299805,6634.00,6555.299805,6631.00,820041700
20150730,6631.00,6697.399902,6631.00,6668.899902,778087100
20150731,6668.899902,6705.399902,6646.299805,6696.299805,0
20150803,6696.299805,6710.799805,6668.200195,6688.600098,679885300
20150804,6688.600098,6715.50,6644.700195,6686.600098,1399430100
20150805,6686.600098,6764.799805,6686.600098,6752.399902,847270800
20150806,6752.399902,6763.299805,6717.50,6747.100098,691613500
20150807,6747.100098,6754.799805,6718.50,6718.50,595585900
20150810,6718.50,6751.50,6653.700195,6736.200195,765478700
20150811,6736.200195,6736.200195,6664.00,6664.50,0
20150812,6664.50,6664.50,6536.399902,6571.200195,1085554700
20150813,6571.200195,6634.700195,6553.50,6568.299805,668900300
20150814,6568.299805,6603.200195,6544.399902,6550.700195,577612000
20150817,6550.700195,6585.899902,6507.799805,6550.299805,471278500
20150818,6550.299805,6564.600098,6505.700195,6526.299805,538348700
20150819,6526.299805,6526.50,6403.50,6403.50,699446800
20150820,6403.50,6408.600098,6359.700195,6367.899902,728564100
20150821,6367.899902,6367.899902,6187.700195,6187.700195,807243600
20150824,6187.700195,6187.700195,5768.200195,5898.899902,1657266300
20150825,5898.899902,6115.700195,5898.899902,6081.299805,1335924300
20150826,6081.299805,6095.100098,5949.899902,5979.200195,991933700
20150827,5979.200195,6212.50,5979.200195,6192.00,1028065800
20150828,6192.00,6247.899902,6152.00,6247.899902,868831700
20150901,6247.899902,6247.899902,6028.700195,6058.50,1001128800
20150902,6058.50,6161.700195,6021.399902,6083.299805,769181300
20150903,6083.299805,6215.700195,6083.299805,6194.100098,735720100
20150904,6194.100098,6194.100098,6040.50,6042.899902,743172100
20150907,6042.899902,6125.700195,6042.899902,6074.50,464760500
20150908,6074.50,6196.50,6074.50,6146.100098,664577700
20150909,6146.100098,6284.200195,6146.100098,6229.00,734267900
20150910,6229.00,6229.00,6127.50,6155.799805,749536800
20150911,6155.799805,6174.299805,6113.100098,6117.799805,0
20150914,6117.799805,6191.799805,6065.399902,6084.600098,598665000
20150915,6084.600098,6158.100098,6019.899902,6137.600098,706522000
20150916,6137.600098,6244.899902,6137.600098,6229.200195,818994800
20150917,6229.200195,6239.899902,6182.600098,6187.00,836839300
20150918,6187.00,6188.700195,6053.899902,6104.100098,1508172800
20150921,6104.100098,6168.700195,6083.600098,6108.700195,697537600
20150922,6108.700195,6111.600098,5935.799805,5935.799805,941657100
20150923,5935.799805,6067.600098,5933.200195,6032.200195,725707700
20150924,6032.200195,6055.600098,5947.200195,5961.50,867489200
20150925,5961.50,6120.700195,5961.50,6109.00,837519200
20150928,6109.00,6110.299805,5958.899902,5958.899902,968395200
20150929,5958.899902,5958.899902,5877.100098,5909.200195,1000021900
20150930,5909.200195,6061.600098,5909.200195,6061.600098,1018944000
