Date,Open,High,Low,Close,Volume
2010-09-30,9554.830078,9566.839844,9369.349609,9369.349609,145800
2010-10-01,9440.519531,9470.360352,9358.620117,9404.230469,163200
2010-10-04,9410.919922,9508.360352,9358.820313,9381.059570,161200
2010-10-05,9337.429688,9538.349609,9332.190430,9518.759766,193800
2010-10-06,9588.469727,9693.740234,9567.000000,9691.429688,234300
2010-10-07,9661.089844,9716.919922,9649.169922,9684.809570,171200
2010-10-08,9675.589844,9675.589844,9588.879883,9588.879883,147900
2010-10-12,9648.589844,9650.200195,9387.730469,9388.639648,140700
2010-10-13,9473.780273,9510.190430,9393.519531,9403.509766,144000
2010-10-14,9515.169922,9614.440430,9481.509766,9583.509766,171000
2010-10-15,9551.209961,9553.570313,9478.639648,9500.250000,143800
2010-10-18,9517.679688,9564.849609,9471.480469,9498.490234,104800
2010-10-19,9490.089844,9575.139648,9489.679688,9539.450195,118500
2010-10-20,9399.650391,9402.049805,9316.969727,9381.599609,138400
2010-10-21,9443.950195,9479.250000,9326.780273,9376.480469,131500
2010-10-22,9404.089844,9457.620117,9390.139648,9426.709961,108500
2010-10-25,9424.440430,9460.700195,9392.679688,9401.160156,98000
2010-10-26,9386.549805,9455.040039,9362.129883,9377.379883,107300
2010-10-27,9436.009766,9453.790039,9329.860352,9387.030273,130200
2010-10-28,9368.610352,9413.679688,9350.440430,9366.030273,146800
2010-10-29,9327.250000,9337.919922,9179.150391,9202.450195,166900
2010-11-01,9166.849609,9258.320313,9134.469727,9154.719727,125400
2010-11-02,9140.280273,9172.030273,9123.620117,9159.980469,115200
2010-11-04,9282.790039,9377.759766,9276.709961,9358.780273,133100
2010-11-05,9500.599609,9680.679688,9497.450195,9625.990234,160900
2010-11-08,9699.790039,9737.009766,9677.870117,9732.919922,118200
2010-11-09,9667.440430,9726.599609,9659.860352,9694.490234,122100
2010-11-10,9748.610352,9842.900391,9747.030273,9830.519531,168800
2010-11-11,9878.110352,9885.370117,9834.820313,9861.459961,139600
2010-11-12,9810.299805,9851.419922,9724.809570,9724.809570,129400
2010-11-15,9782.110352,9830.589844,9744.990234,9827.509766,128500
2010-11-16,9892.820313,9908.299805,9774.120117,9797.099609,133300
2010-11-17,9693.209961,9817.370117,9693.209961,9811.660156,112600
2010-11-18,9820.599609,10013.629883,9798.559570,10013.629883,188900
2010-11-19,10124.839844,10130.230469,10019.080078,10022.389648,160800
2010-11-22,10133.480469,10157.969727,10091.990234,10115.190430,121800
2010-11-24,9942.540039,10064.309570,9904.919922,10030.110352,150100
2010-11-25,10117.849609,10123.269531,10038.790039,10079.759766,133800
2010-11-26,10078.089844,10134.639648,10039.559570,10039.559570,115800
2010-11-29,10075.660156,10149.940430,10044.009766,10125.990234,124800
2010-11-30,10070.309570,10101.419922,9937.040039,9937.040039,153300
2010-12-01,9939.799805,9988.049805,9918.549805,9988.049805,122600
2010-12-02,10151.150391,10187.589844,10143.080078,10168.519531,131400
2010-12-03,10231.780273,10254.000000,10154.990234,10178.320313,107700
2010-12-06,10175.230469,10179.820313,10143.580078,10167.230469,95300
2010-12-07,10152.919922,10167.099609,10094.410156,10141.099609,114800
2010-12-08,10200.160156,10258.900391,10184.320313,10232.330078,126600
2010-12-09,10277.870117,10298.250000,10240.110352,10285.879883,153400
2010-12-10,10373.700195,10373.700195,10194.269531,10211.950195,240700
2010-12-13,10212.519531,10293.889648,10199.730469,10293.889648,145300
2010-12-14,10272.700195,10319.240234,10267.219727,10316.769531,170500
2010-12-15,10338.139648,10340.690430,10282.849609,10309.780273,137400
2010-12-16,10297.549805,10347.389648,10282.540039,10311.290039,140800
2010-12-17,10307.169922,10327.419922,10280.799805,10303.830078,140400
2010-12-20,10296.549805,10301.150391,10182.740234,10216.410156,113600
2010-12-21,10277.139648,10372.509766,10266.290039,10370.530273,113300
2010-12-22,10348.480469,10394.219727,10327.599609,10346.480469,142100
2010-12-24,10275.969727,10290.889648,10264.059570,10279.190430,86200
2010-12-27,10292.839844,10376.910156,10292.839844,10355.990234,83100
2010-12-28,10330.009766,10340.839844,10292.629883,10292.629883,77900
2010-12-29,10282.839844,10344.540039,10276.610352,10344.540039,87600
2010-12-30,10303.129883,10315.469727,10209.929688,10228.919922,107800
2011-01-04,10352.190430,10409.169922,10321.280273,10398.099609,114100
2011-01-05,10387.950195,10413.450195,10358.009766,10380.769531,114600
2011-01-06,10477.519531,10530.110352,10477.519531,10529.759766,166000
2011-01-07,10506.719727,10550.709961,10503.019531,10541.040039,161800
2011-01-11,10484.620117,10538.389648,10476.290039,10510.679688,138500
2011-01-12,10562.280273,10576.509766,10502.959961,10512.799805,170700
2011-01-13,10593.459961,10620.570313,10565.280273,10589.759766,160900
2011-01-14,10502.769531,10579.969727,10497.259766,10499.040039,170900
2011-01-17,10562.089844,10562.389648,10482.690430,10502.860352,126700
2011-01-18,10461.040039,10548.209961,10456.709961,10518.980469,126400
2011-01-19,10567.879883,10580.679688,10534.019531,10557.099609,138600
2011-01-20,10492.320313,10505.629883,10421.830078,10437.309570,132900
2011-01-21,10459.040039,10461.070313,10257.990234,10274.519531,183900
2011-01-24,10318.599609,10347.940430,10278.809570,10345.110352,134100
2011-01-25,10374.639648,10480.240234,10355.799805,10464.419922,142900
2011-01-26,10410.290039,10440.349609,10392.459961,10401.900391,111000
2011-01-27,10466.339844,10496.400391,10421.750000,10478.660156,145300
2011-01-28,10460.290039,10480.080078,10332.650391,10360.339844,150700
2011-01-31,10219.980469,10265.959961,10182.570313,10237.919922,146000
2011-02-01,10281.549805,10299.379883,10245.750000,10274.500000,149000
2011-02-02,10368.480469,10479.750000,10366.959961,10457.360352,180500
2011-02-03,10424.679688,10450.459961,10409.839844,10431.360352,150700
2011-02-04,10526.389648,10580.360352,10524.129883,10543.519531,200300
2011-02-07,10641.299805,10644.209961,10572.719727,10592.040039,162300
2011-02-08,10645.030273,10648.799805,10623.700195,10635.980469,150400
2011-02-09,10686.719727,10701.919922,10599.500000,10617.830078,165000
2011-02-10,10574.799805,10631.940430,10570.620117,10605.650391,145600
2011-02-14,10689.650391,10725.540039,10674.440430,10725.540039,140600
2011-02-15,10738.809570,10760.990234,10712.490234,10746.669922,142700
2011-02-16,10758.860352,10842.309570,10752.610352,10808.290039,189100
2011-02-17,10882.910156,10891.599609,10820.480469,10836.639648,173700
2011-02-18,10829.150391,10862.429688,10810.120117,10842.799805,151300
2011-02-21,10820.780273,10859.389648,10789.410156,10857.530273,136400
2011-02-22,10745.519531,10761.219727,10639.780273,10664.700195,178900
2011-02-23,10588.820313,10666.719727,10569.929688,10579.099609,182300
2011-02-24,10533.200195,10542.700195,10428.379883,10452.709961,184900
2011-02-25,10475.780273,10532.209961,10454.459961,10526.759766,154700
2011-02-28,10504.540039,10628.759766,10448.830078,10624.089844,186600
2011-03-01,10676.240234,10754.030273,10672.910156,10754.030273,156400
2011-03-02,10609.280273,10629.500000,10492.379883,10492.379883,153300
2011-03-03,10529.769531,10593.339844,10522.400391,10586.019531,122400
2011-03-04,10730.910156,10768.429688,10664.370117,10693.660156,148300
2011-03-07,10626.969727,10626.969727,10472.509766,10505.019531,149400
2011-03-08,10513.080078,10565.099609,10509.230469,10525.190430,150300
2011-03-09,10607.230469,10662.070313,10563.820313,10589.500000,131000
2011-03-10,10544.129883,10549.169922,10410.099609,10434.379883,131000
2011-03-11,10298.639648,10378.549805,10254.429688,10254.429688,236000
2011-03-14,10044.169922,10049.919922,9578.650391,9620.490234,349800
2011-03-15,9441.660156,9441.660156,8227.629883,8605.150391,415700
2011-03-16,8767.200195,9168.509766,8763.950195,9093.719727,372100
2011-03-17,8913.349609,9093.610352,8639.559570,8962.669922,312100
2011-03-18,9083.950195,9275.599609,9073.250000,9206.750000,245400
2011-03-22,9403.049805,9625.030273,9395.849609,9608.320313,252600
2011-03-23,9590.379883,9592.400391,9387.950195,9449.469727,265100
2011-03-24,9479.769531,9509.849609,9418.709961,9435.009766,200100
2011-03-25,9565.490234,9569.709961,9469.370117,9536.129883,203700
2011-03-28,9541.759766,9541.759766,9405.200195,9478.530273,192700
2011-03-29,9348.599609,9502.230469,9317.379883,9459.080078,200600
2011-03-30,9489.509766,9708.790039,9479.030273,9708.790039,217100
2011-03-31,9765.280273,9765.809570,9658.639648,9755.099609,187100
2011-04-01,9757.280273,9822.059570,9698.599609,9708.389648,191500
2011-04-04,9773.910156,9808.599609,9718.889648,9718.889648,171800
2011-04-05,9732.259766,9732.259766,9566.049805,9615.549805,182900
2011-04-06,9668.110352,9671.459961,9562.160156,9584.370117,203300
2011-04-07,9652.650391,9687.179688,9578.469727,9590.929688,165400
2011-04-08,9586.169922,9804.280273,9536.679688,9768.080078,215000
2011-04-11,9731.320313,9775.599609,9700.750000,9719.700195,147500
2011-04-12,9603.500000,9603.639648,9513.269531,9555.259766,169000
2011-04-13,9516.500000,9655.830078,9516.500000,9641.179688,157400
2011-04-14,9579.790039,9676.969727,9553.750000,9653.919922,153100
2011-04-15,9646.219727,9651.959961,9577.959961,9591.519531,147900
2011-04-18,9593.410156,9608.919922,9539.030273,9556.650391,110100
2011-04-19,9448.650391,9478.870117,9405.190430,9441.030273,131500
2011-04-20,9536.790039,9631.000000,9519.360352,9606.820313,125900
2011-04-21,9686.269531,9725.120117,9643.919922,9685.769531,118000
2011-04-22,9623.000000,9732.629883,9611.379883,9682.209961,126200
2011-04-25,9705.900391,9748.400391,9657.240234,9671.959961,100600
2011-04-26,9627.429688,9627.429688,9536.509766,9558.690430,100300
2011-04-27,9631.530273,9728.030273,9630.370117,9691.839844,115900
2011-04-28,9749.360352,9849.740234,9712.580078,9849.740234,158100
2011-05-02,9964.389648,10017.469727,9936.269531,10004.200195,127800
2011-05-06,9851.150391,9876.099609,9782.660156,9859.200195,132400
2011-05-09,9881.669922,9897.879883,9776.740234,9794.379883,110700
2011-05-10,9804.269531,9853.129883,9755.929688,9818.759766,131900
2011-05-11,9912.480469,9929.040039,9842.669922,9864.259766,141700
2011-05-12,9770.709961,9836.709961,9716.650391,9716.650391,144900
2011-05-13,9751.450195,9751.450195,9552.929688,9648.769531,212600
2011-05-16,9571.129883,9598.330078,9552.860352,9558.299805,126100
2011-05-17,9513.500000,9593.129883,9502.389648,9567.019531,136000
2011-05-18,9602.879883,9693.599609,9590.400391,9662.080078,132800
2011-05-19,9711.320313,9731.120117,9600.809570,9620.820313,117200
2011-05-20,9612.870117,9670.919922,9600.480469,9607.080078,120800
2011-05-23,9547.860352,9547.860352,9437.870117,9460.629883,131500
2011-05-24,9406.040039,9490.349609,9406.040039,9477.169922,115900
2011-05-25,9492.429688,9503.769531,9415.330078,9422.879883,116700
2011-05-26,9499.450195,9567.459961,9489.120117,9562.049805,117500
2011-05-27,9514.160156,9588.700195,9493.440430,9521.940430,108900
2011-05-30,9489.780273,9540.019531,9448.000000,9504.969727,93700
2011-05-31,9500.599609,9697.349609,9497.400391,9693.730469,156500
2011-06-01,9708.049805,9720.730469,9659.309570,9719.610352,136000
2011-06-02,9560.629883,9575.009766,9517.280273,9555.040039,144100
2011-06-03,9550.589844,9603.030273,9490.679688,9492.209961,115700
2011-06-06,9467.370117,9490.549805,9359.780273,9380.349609,140300
2011-06-07,9371.209961,9454.660156,9358.309570,9442.950195,128400
2011-06-08,9428.620117,9458.429688,9394.740234,9449.459961,117200
2011-06-09,9411.709961,9472.410156,9383.120117,9467.150391,143100
2011-06-10,9536.839844,9613.750000,9493.049805,9514.440430,188800
2011-06-13,9405.160156,9466.509766,9391.259766,9448.209961,96400
2011-06-14,9446.839844,9565.650391,9438.410156,9547.790039,141200
2011-06-15,9589.540039,9599.900391,9520.929688,9574.320313,142800
2011-06-16,9478.629883,9497.589844,9411.280273,9411.280273,125500
2011-06-17,9443.320313,9447.440430,9318.620117,9351.400391,139700
2011-06-20,9383.240234,9421.379883,9346.759766,9354.320313,121700
2011-06-21,9420.429688,9459.660156,9378.360352,9459.660156,116000
2011-06-22,9525.250000,9658.620117,9525.250000,9629.429688,137800
2011-06-23,9557.719727,9652.410156,9553.299805,9596.740234,127600
2011-06-24,9626.429688,9695.089844,9609.240234,9678.709961,130900
2011-06-27,9633.919922,9638.490234,9570.580078,9578.309570,119300
2011-06-28,9668.009766,9703.410156,9632.540039,9648.980469,117500
2011-06-29,9767.910156,9797.259766,9734.660156,9797.259766,123400
2011-06-30,9838.089844,9849.690430,9785.889648,9816.089844,136200
2011-07-01,9878.690430,9900.570313,9849.639648,9868.070313,111600
2011-07-04,9980.160156,10005.750000,9940.469727,9965.089844,131400
2011-07-05,9959.389648,9995.169922,9948.379883,9972.459961,132600
2011-07-06,9987.250000,10082.480469,9967.870117,10082.480469,137700
2011-07-07,10047.150391,10102.190430,10029.330078,10071.139648,133200
2011-07-08,10205.709961,10207.910156,10126.469727,10137.730469,127300
2011-07-11,10069.009766,10109.299805,10057.769531,10069.530273,104900
2011-07-12,9943.320313,9971.139648,9907.809570,9925.919922,135000
2011-07-13,9891.110352,9979.669922,9887.330078,9963.139648,119000
2011-07-14,9929.179688,9998.490234,9884.000000,9936.120117,126800
2011-07-15,9919.589844,9985.320313,9919.099609,9974.469727,101300
2011-07-19,9921.500000,9945.719727,9889.719727,9889.719727,108800
2011-07-20,10008.000000,10042.750000,9986.330078,10005.900391,104400
2011-07-21,10019.940430,10026.179688,9974.000000,10010.389648,125500
2011-07-22,10096.889648,10149.179688,10076.530273,10132.110352,134200
2011-07-25,10080.820313,10091.019531,10039.099609,10050.009766,104100
2011-07-26,10078.480469,10130.250000,10043.990234,10097.719727,111200
2011-07-27,10048.339844,10053.500000,10009.370117,10047.190430,123900
2011-07-28,9936.969727,9945.980469,9853.849609,9901.349609,131400
2011-07-29,9866.820313,9914.219727,9824.339844,9833.030273,146500
2011-08-01,9907.040039,10040.129883,9906.169922,9965.009766,145000
2011-08-02,9872.169922,9873.459961,9822.299805,9844.589844,120500
2011-08-03,9705.019531,9705.019531,9610.379883,9637.139648,131200
2011-08-04,9685.500000,9768.400391,9615.349609,9659.179688,154800
2011-08-05,9469.160156,9469.160156,9264.089844,9299.879883,189000
2011-08-08,9169.669922,9215.089844,9057.290039,9097.559570,147000
2011-08-09,8911.799805,8949.969727,8656.790039,8944.480469,252500
2011-08-10,9110.809570,9144.330078,9021.360352,9038.740234,173700
2011-08-11,8876.540039,8983.330078,8832.419922,8981.940430,162900
2011-08-12,9064.169922,9070.269531,8926.889648,8963.719727,150700
2011-08-15,9082.530273,9117.110352,9032.839844,9086.410156,107800
2011-08-16,9135.059570,9150.309570,9072.530273,9107.429688,117500
2011-08-17,9047.889648,9081.799805,9003.700195,9057.259766,115100
2011-08-18,9043.179688,9043.179688,8931.250000,8943.759766,119500
2011-08-19,8771.700195,8796.419922,8707.469727,8719.240234,152100
2011-08-22,8686.910156,8756.099609,8619.209961,8628.129883,146200
2011-08-23,8703.309570,8747.410156,8630.490234,8733.009766,158700
2011-08-24,8812.160156,8825.269531,8620.889648,8639.610352,167100
2011-08-25,8748.009766,8849.940430,8741.740234,8772.360352,160800
2011-08-26,8746.769531,8805.099609,8742.459961,8797.780273,140900
2011-08-29,8802.250000,8926.269531,8751.290039,8851.349609,143700
2011-08-30,8958.500000,8992.860352,8935.849609,8953.900391,135600
2011-08-31,8938.309570,8967.799805,8905.519531,8955.200195,136200
2011-09-01,9017.009766,9098.150391,8998.009766,9060.799805,126200
2011-09-02,8980.559570,9014.269531,8914.650391,8950.740234,126900
2011-09-05,8828.459961,8842.559570,8757.179688,8784.459961,112100
2011-09-06,8687.110352,8709.919922,8588.339844,8590.570313,152800
2011-09-07,8723.049805,8773.259766,8702.780273,8763.410156,130100
2011-09-08,8863.240234,8876.490234,8757.580078,8793.120117,104900
2011-09-09,8739.490234,8803.750000,8726.250000,8737.660156,169300
2011-09-12,8578.709961,8584.049805,8520.969727,8535.669922,126700
2011-09-13,8588.740234,8635.879883,8549.059570,8616.549805,126100
2011-09-14,8623.549805,8671.240234,8499.339844,8518.570313,129400
2011-09-15,8645.379883,8695.950195,8634.019531,8668.860352,126600
2011-09-16,8785.280273,8864.160156,8774.160156,8864.160156,143300
2011-09-20,8763.610352,8771.719727,8704.230469,8721.240234,103900
2011-09-21,8717.000000,8771.620117,8707.160156,8741.160156,106700
2011-09-22,8643.019531,8643.019531,8545.459961,8560.259766,125000
2011-09-26,8547.620117,8556.660156,8359.700195,8374.129883,159000
2011-09-27,8496.330078,8609.950195,8479.049805,8609.950195,140500
2011-09-28,8607.919922,8665.540039,8595.849609,8615.650391,140300
2011-09-29,8527.639648,8706.139648,8501.419922,8701.230469,165700
2011-09-30,8713.910156,8756.000000,8653.620117,8700.290039,148700
2011-10-03,8567.980469,8577.519531,8455.669922,8545.480469,143700
2011-10-04,8426.389648,8470.759766,8359.240234,8456.120117,158700
2011-10-05,8491.429688,8501.030273,8343.009766,8382.980469,158100
2011-10-06,8463.830078,8545.790039,8463.830078,8522.019531,123500
2011-10-07,8593.219727,8663.570313,8589.360352,8605.620117,122400
2011-10-11,8733.540039,8806.440430,8725.620117,8773.679688,112600
2011-10-12,8719.669922,8763.019531,8689.379883,8738.900391,109800
2011-10-13,8832.809570,8854.160156,8808.730469,8823.250000,108300
2011-10-14,8782.910156,8787.889648,8733.709961,8747.959961,108300
2011-10-17,8881.440430,8911.700195,8856.580078,8879.599609,95900
2011-10-18,8758.740234,8773.990234,8727.389648,8741.910156,81600
2011-10-19,8808.250000,8831.549805,8745.360352,8772.540039,91200
2011-10-20,8733.599609,8733.599609,8672.209961,8682.150391,109200
2011-10-21,8679.040039,8700.490234,8652.259766,8678.889648,97000
2011-10-24,8764.919922,8844.280273,8762.019531,8843.980469,97300
2011-10-25,8866.429688,8870.370117,8755.379883,8762.309570,106700
2011-10-26,8673.849609,8798.799805,8642.559570,8748.469727,108800
2011-10-27,8779.400391,8926.540039,8731.769531,8926.540039,139900
2011-10-28,9059.040039,9086.429688,9003.089844,9050.469727,165100
2011-10-31,9011.179688,9152.389648,8988.389648,8988.389648,133800
2011-11-01,8880.750000,8946.000000,8831.690430,8835.519531,103800
2011-11-02,8719.919922,8719.919922,8640.419922,8640.419922,129200
2011-11-04,8761.269531,8814.709961,8729.080078,8801.400391,125000
2011-11-07,8771.820313,8779.549805,8741.250000,8767.089844,100000
2011-11-08,8744.360352,8772.040039,8644.000000,8655.509766,136400
2011-11-09,8724.599609,8762.980469,8678.780273,8755.440430,137400
2011-11-10,8597.280273,8600.209961,8500.669922,8500.799805,149900
2011-11-11,8545.919922,8566.490234,8485.769531,8514.469727,124900
2011-11-14,8631.280273,8655.309570,8595.429688,8603.700195,104300
2011-11-15,8546.990234,8584.299805,8527.629883,8541.929688,80200
2011-11-16,8546.750000,8567.639648,8459.299805,8463.160156,95500
2011-11-17,8421.879883,8491.820313,8400.219727,8479.629883,112900
2011-11-18,8374.160156,8398.799805,8359.599609,8374.910156,108600
2011-11-21,8349.049805,8375.599609,8343.929688,8348.269531,89900
2011-11-22,8263.860352,8350.349609,8261.009766,8314.740234,112200
2011-11-24,8189.419922,8212.950195,8157.390137,8165.180176,109800
2011-11-25,8138.189941,8199.669922,8135.790039,8160.009766,111400
2011-11-28,8269.910156,8322.009766,8259.709961,8287.490234,102300
2011-11-29,8371.009766,8477.820313,8351.379883,8477.820313,115900
2011-11-30,8407.629883,8435.339844,8361.690430,8434.610352,126500
2011-12-01,8581.200195,8653.879883,8577.089844,8597.379883,147900
2011-12-02,8603.230469,8643.750000,8591.929688,8643.750000,101000
2011-12-05,8697.780273,8704.480469,8668.040039,8695.980469,91300
2011-12-06,8644.969727,8671.540039,8571.089844,8575.160156,107800
2011-12-07,8629.190430,8729.809570,8614.209961,8722.169922,132600
2011-12-08,8664.349609,8688.809570,8625.190430,8664.580078,127900
2011-12-09,8521.330078,8576.679688,8503.030273,8536.459961,199700
2011-12-12,8652.980469,8682.469727,8633.349609,8653.820313,101000
2011-12-13,8535.519531,8594.320313,8518.799805,8552.809570,113300
2011-12-14,8513.769531,8540.570313,8486.370117,8519.129883,98300
2011-12-15,8449.049805,8455.320313,8374.250000,8377.370117,103100
2011-12-16,8416.209961,8433.179688,8390.980469,8401.719727,105000
2011-12-19,8363.389648,8364.929688,8272.259766,8296.120117,95000
2011-12-20,8318.030273,8354.900391,8317.730469,8336.480469,80000
2011-12-21,8442.740234,8471.110352,8440.889648,8459.980469,90800
2011-12-22,8429.540039,8436.589844,8383.959961,8395.160156,83900
2011-12-26,8504.459961,8516.530273,8477.370117,8479.339844,61400
2011-12-27,8443.000000,8458.259766,8428.530273,8440.559570,51300
2011-12-28,8426.089844,8456.660156,8414.900391,8423.620117,70900
2011-12-29,8367.709961,8404.889648,8330.870117,8398.889648,66300
2011-12-30,8434.900391,8455.349609,8415.559570,8455.349609,57600
2012-01-04,8549.540039,8581.450195,8547.700195,8560.110352,106000
2012-01-05,8515.660156,8519.160156,8481.830078,8488.709961,77700
2012-01-06,8488.980469,8488.980469,8349.330078,8390.349609,101300
2012-01-10,8422.990234,8450.589844,8405.179688,8422.259766,112300
2012-01-11,8440.959961,8463.719727,8426.030273,8447.879883,106200
2012-01-12,8423.099609,8426.830078,8360.330078,8385.589844,84800
2012-01-13,8471.099609,8509.759766,8458.679688,8500.019531,109800
2012-01-16,8409.790039,8409.790039,8352.230469,8378.360352,76500
2012-01-17,8420.120117,8475.660156,8413.219727,8466.400391,85500
2012-01-18,8458.290039,8595.780273,8446.089844,8550.580078,136200
2012-01-19,8596.679688,8668.940430,8596.679688,8639.679688,125100
2012-01-20,8751.179688,8791.389648,8725.320313,8766.360352,177500
2012-01-23,8753.910156,8795.269531,8744.540039,8765.900391,119900
2012-01-24,8815.360352,8825.089844,8768.509766,8785.330078,111000
2012-01-25,8842.009766,8911.620117,8816.089844,8883.690430,132500
2012-01-26,8890.490234,8894.599609,8834.929688,8849.469727,122200
2012-01-27,8851.019531,8886.019531,8810.889648,8841.219727,133100
2012-01-30,8803.790039,8832.480469,8774.230469,8793.049805,98100
2012-01-31,8781.440430,8836.679688,8776.650391,8802.509766,138100
2012-02-01,8789.059570,8830.280273,8780.099609,8809.790039,127200
2012-02-02,8865.280273,8893.219727,8849.250000,8876.820313,157800
2012-02-03,8849.169922,8877.570313,8825.980469,8831.929688,157500
2012-02-06,8939.990234,8949.320313,8916.940430,8929.200195,143200
2012-02-07,8904.160156,8928.440430,8887.190430,8917.519531,129200
2012-02-08,8971.879883,9015.589844,8956.780273,9015.589844,157400
2012-02-09,8996.129883,9018.490234,8942.870117,9002.240234,178300
2012-02-10,9010.530273,9016.969727,8947.169922,8947.169922,154000
2012-02-13,8954.030273,9023.500000,8948.540039,8999.179688,126800
2012-02-14,8978.719727,9072.080078,8972.740234,9052.070313,141700
2012-02-15,9108.839844,9314.370117,9107.679688,9260.339844,208100
2012-02-16,9232.379883,9308.929688,9214.230469,9238.099609,180000
2012-02-17,9371.120117,9435.030273,9369.250000,9384.169922,188700
2012-02-20,9534.030273,9549.309570,9462.669922,9485.089844,169300
2012-02-21,9458.679688,9517.040039,9440.410156,9463.019531,169900
2012-02-22,9459.740234,9564.049805,9442.580078,9554.000000,165000
2012-02-23,9549.769531,9609.839844,9513.650391,9595.570313,180000
2012-02-24,9594.849609,9647.379883,9576.209961,9647.379883,180000
2012-02-27,9726.200195,9736.110352,9628.250000,9633.929688,177100
2012-02-28,9567.120117,9722.519531,9528.769531,9722.519531,185500
2012-02-29,9771.620117,9866.410156,9706.219727,9723.240234,179200
2012-03-01,9771.339844,9865.750000,9666.019531,9707.370117,175100
2012-03-02,9797.049805,9803.750000,9729.240234,9777.030273,158500
2012-03-05,9756.980469,9792.139648,9673.750000,9698.589844,132600
2012-03-06,9704.610352,9732.889648,9602.839844,9637.629883,171900
2012-03-07,9509.099609,9603.190430,9509.099609,9576.059570,155800
2012-03-08,9674.940430,9768.959961,9659.150391,9768.959961,144100
2012-03-09,9911.070313,10007.620117,9853.179688,9929.740234,265400
2012-03-12,10015.919922,10021.509766,9889.860352,9889.860352,153500
2012-03-13,9921.250000,10011.879883,9888.299805,9899.080078,206000
2012-03-14,10064.120117,10115.790039,10050.519531,10050.519531,168100
2012-03-15,10115.400391,10158.740234,10077.549805,10123.280273,177600
2012-03-16,10110.570313,10148.469727,10090.089844,10129.830078,163000
2012-03-19,10150.849609,10172.639648,10134.480469,10141.990234,135100
2012-03-21,10100.870117,10132.019531,10073.900391,10086.490234,149900
2012-03-22,10055.160156,10136.849609,10052.500000,10127.080078,146900
2012-03-23,10014.870117,10031.959961,9999.370117,10011.469727,121600
2012-03-26,10040.099609,10056.200195,10016.049805,10018.240234,126600
2012-03-27,10152.900391,10255.150391,10152.250000,10255.150391,161100
2012-03-28,10153.509766,10197.799805,10124.280273,10182.570313,141100
2012-03-29,10134.780273,10147.040039,10084.769531,10114.790039,149300
2012-03-30,10089.099609,10111.089844,10033.190430,10083.559570,137400
2012-04-02,10161.719727,10190.349609,10109.870117,10109.870117,151900
2012-04-03,10082.209961,10084.070313,10040.990234,10050.389648,112400
2012-04-04,10045.879883,10059.190430,9819.990234,9819.990234,147800
2012-04-05,9737.500000,9806.400391,9692.700195,9767.610352,165100
2012-04-06,9710.250000,9739.589844,9659.160156,9688.450195,118400
2012-04-09,9565.309570,9618.099609,9535.330078,9546.259766,111600
2012-04-10,9583.360352,9648.120117,9509.719727,9538.019531,134800
2012-04-11,9398.599609,9487.839844,9388.139648,9458.740234,155800
2012-04-12,9486.190430,9541.040039,9449.490234,9524.790039,134700
2012-04-13,9613.190430,9690.290039,9603.969727,9637.990234,171400
2012-04-16,9522.700195,9532.910156,9464.490234,9470.639648,113000
2012-04-17,9476.150391,9519.799805,9455.320313,9464.709961,109200
2012-04-18,9594.299805,9682.879883,9594.299805,9667.259766,116800
2012-04-19,9578.679688,9617.929688,9565.830078,9588.379883,118800
2012-04-20,9574.990234,9580.870117,9532.679688,9561.360352,109800
2012-04-23,9599.200195,9643.269531,9520.980469,9542.169922,101500
2012-04-24,9466.080078,9510.700195,9423.299805,9468.040039,106400
2012-04-25,9578.419922,9582.730469,9530.019531,9561.009766,97500
2012-04-26,9613.160156,9630.969727,9531.030273,9561.830078,104900
2012-04-27,9564.400391,9691.700195,9463.599609,9520.889648,165500
2012-05-01,9471.660156,9472.250000,9332.790039,9350.950195,117900
2012-05-02,9397.870117,9417.959961,9344.530273,9380.250000,94500
2012-05-07,9198.169922,9206.450195,9109.009766,9119.139648,133000
2012-05-08,9190.500000,9207.559570,9159.469727,9181.650391,112400
2012-05-09,9112.719727,9115.940430,9021.200195,9045.059570,131600
2012-05-10,9013.259766,9075.629883,8985.900391,9009.650391,141500
2012-05-11,9019.400391,9050.610352,8944.629883,8953.309570,143400
2012-05-14,8986.219727,9031.089844,8947.820313,8973.839844,112700
2012-05-15,8910.849609,8930.780273,8838.780273,8900.740234,144900
2012-05-16,8865.780273,8883.730469,8756.070313,8801.169922,145300
2012-05-17,8789.469727,8885.080078,8765.709961,8876.589844,160100
2012-05-18,8727.580078,8735.540039,8588.160156,8611.309570,155100
2012-05-21,8617.919922,8676.200195,8608.620117,8633.889648,110800
2012-05-22,8721.589844,8740.480469,8690.469727,8729.290039,111000
2012-05-23,8715.139648,8715.139648,8538.690430,8556.599609,142700
2012-05-24,8537.990234,8597.849609,8496.610352,8563.379883,134200
2012-05-25,8616.849609,8616.849609,8550.929688,8580.389648,113600
2012-05-28,8604.990234,8624.509766,8568.870117,8593.150391,97000
2012-05-29,8565.559570,8657.080078,8517.179688,8657.080078,129700
2012-05-30,8637.950195,8656.709961,8568.969727,8633.190430,119000
2012-05-31,8499.679688,8542.730469,8455.129883,8542.730469,162800
2012-06-01,8465.469727,8487.440430,8422.500000,8440.250000,125200
2012-06-04,8278.650391,8303.349609,8238.959961,8295.629883,126800
2012-06-05,8331.019531,8388.139648,8306.929688,8382.000000,136900
2012-06-06,8428.360352,8549.000000,8412.549805,8533.530273,160100
2012-06-07,8639.250000,8647.790039,8599.639648,8639.719727,127300
2012-06-08,8609.780273,8611.929688,8427.200195,8459.259766,182900
2012-06-11,8612.139648,8665.799805,8594.580078,8624.900391,108900
2012-06-12,8478.780273,8575.870117,8452.500000,8536.719727,113200
2012-06-13,8557.570313,8615.889648,8554.139648,8587.839844,101600
2012-06-14,8531.400391,8592.169922,8520.990234,8568.889648,101600
2012-06-15,8608.429688,8625.190430,8552.750000,8569.320313,106700
2012-06-18,8723.549805,8766.559570,8711.490234,8721.019531,109800
2012-06-19,8692.820313,8712.860352,8630.660156,8655.870117,99200
2012-06-20,8739.099609,8770.410156,8711.219727,8752.309570,114100
2012-06-21,8794.030273,8859.040039,8790.860352,8824.070313,132500
2012-06-22,8733.500000,8830.339844,8731.790039,8798.349609,113300
2012-06-25,8837.830078,8837.830078,8726.400391,8734.620117,92800
2012-06-26,8671.610352,8712.679688,8619.360352,8663.990234,127500
2012-06-27,8677.759766,8730.490234,8641.519531,8730.490234,106000
2012-06-28,8816.070313,8881.440430,8805.650391,8874.110352,118500
2012-06-29,8811.459961,9044.040039,8803.330078,9006.780273,143900
2012-07-02,9103.790039,9103.790039,9003.480469,9003.480469,99700
2012-07-03,9013.650391,9082.389648,9012.860352,9066.589844,121000
2012-07-04,9119.690430,9136.019531,9095.309570,9104.169922,105600
2012-07-05,9078.459961,9130.540039,9069.009766,9079.799805,97100
2012-07-06,9052.700195,9082.040039,8977.349609,9020.750000,108200
2012-07-09,8922.990234,8954.440430,8892.169922,8896.879883,92100
2012-07-10,8922.030273,8966.990234,8855.929688,8857.730469,108300
2012-07-11,8819.040039,8851.000000,8797.730469,8851.000000,98000
2012-07-12,8859.389648,8862.799805,8709.750000,8720.009766,141800
2012-07-13,8701.349609,8759.059570,8695.440430,8724.120117,122800
2012-07-17,8740.980469,8808.870117,8711.730469,8755.000000,112000
2012-07-18,8796.150391,8802.089844,8715.139648,8726.740234,119000
2012-07-19,8795.000000,8835.799805,8771.190430,8795.549805,113200
2012-07-20,8785.870117,8792.190430,8662.719727,8669.870117,116900
2012-07-23,8582.280273,8606.230469,8500.269531,8508.320313,103300
2012-07-24,8497.990234,8517.519531,8446.179688,8488.089844,126200
2012-07-25,8410.980469,8433.580078,8328.019531,8365.900391,137400
2012-07-26,8408.219727,8448.549805,8358.509766,8443.099609,153400
2012-07-27,8547.339844,8569.089844,8522.740234,8566.639648,129100
2012-07-30,8658.830078,8663.299805,8589.190430,8635.440430,112000
2012-07-31,8600.919922,8732.839844,8585.259766,8695.059570,140300
2012-08-01,8622.040039,8654.610352,8578.160156,8641.849609,123200
2012-08-02,8642.889648,8705.910156,8635.509766,8653.179688,127000
2012-08-03,8539.709961,8565.059570,8513.200195,8555.110352,141700
2012-08-06,8683.200195,8751.799805,8676.250000,8726.290039,113000
2012-08-07,8714.120117,8812.419922,8711.900391,8803.309570,109300
2012-08-08,8889.379883,8962.950195,8851.589844,8881.160156,162300
2012-08-09,8870.809570,9004.809570,8862.169922,8978.599609,151200
2012-08-10,8931.919922,8954.849609,8857.230469,8891.440430,120000
2012-08-13,8871.679688,8906.209961,8867.629883,8885.150391,72100
2012-08-14,8913.700195,8970.990234,8897.870117,8929.879883,117500
2012-08-15,8960.280273,8960.280273,8866.059570,8925.040039,104400
2012-08-16,8967.110352,9094.089844,8962.969727,9092.759766,115300
2012-08-17,9120.219727,9181.570313,9097.000000,9162.500000,132500
2012-08-20,9202.360352,9222.870117,9150.790039,9171.160156,91300
2012-08-21,9165.150391,9196.669922,9146.070313,9156.919922,84200
2012-08-22,9150.690430,9162.969727,9075.080078,9131.740234,85900
2012-08-23,9080.669922,9194.469727,9062.540039,9178.120117,102800
2012-08-24,9069.950195,9090.669922,9045.790039,9070.759766,85700
2012-08-27,9140.410156,9150.480469,9084.870117,9085.389648,79500
2012-08-28,9138.509766,9140.620117,8988.990234,9033.290039,124000
2012-08-29,9045.730469,9073.990234,9033.830078,9069.809570,107500
2012-08-30,9062.070313,9062.070313,8960.240234,8983.780273,98300
2012-08-31,8891.750000,8933.990234,8839.910156,8839.910156,122800
2012-09-03,8836.610352,8893.389648,8773.400391,8783.889648,123400
2012-09-04,8787.969727,8804.440430,8729.219727,8775.509766,110800
2012-09-05,8756.589844,8759.259766,8679.820313,8679.820313,111700
2012-09-06,8690.339844,8697.000000,8646.030273,8680.570313,119100
2012-09-07,8821.370117,8871.650391,8804.269531,8871.650391,157100
2012-09-10,8853.190430,8874.540039,8838.179688,8869.370117,111800
2012-09-11,8811.330078,8814.030273,8769.469727,8807.379883,95400
2012-09-12,8827.209961,8959.959961,8821.799805,8959.959961,116100
2012-09-13,8950.009766,9022.200195,8932.099609,8995.150391,95000
2012-09-14,9097.919922,9193.269531,9081.799805,9159.389648,198000
2012-09-18,9155.490234,9180.440430,9120.610352,9123.769531,137600
2012-09-19,9166.519531,9288.530273,9140.750000,9232.209961,157200
2012-09-20,9174.190430,9215.570313,9079.190430,9086.980469,144600
2012-09-21,9113.299805,9159.330078,9103.950195,9110.000000,121700
2012-09-24,9071.320313,9091.969727,9031.129883,9069.290039,105900
2012-09-25,9031.370117,9112.540039,9023.629883,9091.540039,128400
2012-09-26,8941.750000,8971.750000,8894.019531,8906.700195,109300
2012-09-27,8856.309570,8959.250000,8844.059570,8949.870117,124700
2012-09-28,8986.629883,8989.080078,8838.849609,8870.160156,135600
2012-10-01,8815.070313,8829.349609,8759.070313,8796.509766,99100
2012-10-02,8826.360352,8843.330078,8774.750000,8786.049805,98200
2012-10-03,8778.259766,8806.750000,8729.559570,8746.870117,103500
2012-10-04,8783.129883,8865.919922,8738.309570,8824.589844,123500
2012-10-05,8850.290039,8880.230469,8805.790039,8863.299805,112100
2012-10-09,8822.389648,8840.690430,8765.549805,8769.589844,124400
2012-10-10,8650.549805,8660.679688,8578.250000,8596.230469,122300
2012-10-11,8514.629883,8607.419922,8514.629883,8546.780273,132900
2012-10-12,8607.700195,8620.179688,8516.110352,8534.120117,139400
2012-10-15,8517.769531,8595.110352,8488.139648,8577.929688,126900
2012-10-16,8638.679688,8707.950195,8633.679688,8701.309570,119800
2012-10-17,8777.389648,8837.190430,8758.700195,8806.549805,139700
2012-10-18,8886.559570,8992.360352,8877.169922,8982.860352,165000
2012-10-19,8944.030273,9016.900391,8940.379883,9002.679688,134700
2012-10-22,8874.519531,9031.549805,8867.790039,9010.709961,118300
2012-10-23,9066.030273,9075.580078,8970.500000,9014.250000,116300
2012-10-24,8896.410156,9043.799805,8896.410156,8954.299805,133000
2012-10-25,8952.129883,9057.309570,8941.849609,9055.200195,115600
2012-10-26,9058.929688,9075.589844,8933.059570,8933.059570,132100
2012-10-29,8958.790039,8986.049805,8909.370117,8929.339844,97300
2012-10-30,8941.820313,8995.809570,8841.980469,8841.980469,149200
2012-10-31,8911.080078,8985.580078,8905.440430,8928.290039,135500
2012-11-01,8931.709961,8976.080078,8871.480469,8946.870117,140600
2012-11-02,9049.219727,9072.389648,9031.429688,9051.219727,137900
2012-11-05,9000.809570,9040.179688,8984.690430,9007.440430,101400
2012-11-06,8989.580078,8990.349609,8957.490234,8975.150391,104700
2012-11-07,9030.559570,9032.320313,8924.410156,8972.889648,130900
2012-11-08,8868.419922,8891.080078,8811.410156,8837.150391,106500
2012-11-09,8742.679688,8779.240234,8729.450195,8757.599609,104000
2012-11-12,8701.280273,8728.849609,8676.440430,8676.440430,86300
2012-11-13,8710.519531,8723.459961,8619.450195,8661.049805,94900
2012-11-14,8660.269531,8680.400391,8653.490234,8664.730469,81000
2012-11-15,8703.820313,8829.719727,8684.230469,8829.719727,161300
2012-11-16,8898.330078,9032.349609,8898.330078,9024.160156,199100
2012-11-19,9141.269531,9183.459961,9135.290039,9153.200195,143100
2012-11-20,9198.419922,9200.849609,9129.429688,9142.639648,133700
2012-11-21,9213.730469,9248.980469,9161.209961,9222.519531,134700
2012-11-22,9336.320313,9366.799805,9304.719727,9366.799805,147400
2012-11-26,9466.059570,9487.940430,9388.940430,9388.940430,151500
2012-11-27,9371.129883,9449.719727,9370.589844,9423.299805,136700
2012-11-28,9375.480469,9407.620117,9308.349609,9308.349609,118700
2012-11-29,9370.290039,9412.080078,9350.400391,9400.879883,113300
2012-11-30,9446.769531,9492.910156,9380.250000,9446.009766,159800
2012-12-03,9484.200195,9525.820313,9453.480469,9458.179688,110100
2012-12-04,9419.150391,9457.190430,9406.030273,9432.459961,104100
2012-12-05,9380.370117,9515.860352,9376.969727,9468.839844,115900
2012-12-06,9535.690430,9565.429688,9503.309570,9545.160156,123100
2012-12-07,9547.139648,9572.750000,9522.129883,9527.389648,133800
2012-12-10,9584.459961,9584.459961,9517.400391,9533.750000,115200
2012-12-11,9510.599609,9534.179688,9487.950195,9525.320313,97200
2012-12-12,9606.250000,9606.250000,9565.950195,9581.459961,129400
2012-12-13,9681.200195,9767.049805,9672.469727,9742.730469,212000
2012-12-14,9703.559570,9775.750000,9687.700195,9737.559570,247400
2012-12-17,9895.679688,9903.349609,9826.299805,9828.879883,213600
2012-12-18,9848.870117,9967.240234,9848.870117,9923.009766,260300
2012-12-19,10025.400391,10160.400391,10016.980469,10160.400391,277500
2012-12-20,10093.110352,10147.679688,10028.650391,10039.330078,274800
2012-12-21,10145.580078,10175.059570,9924.419922,9940.059570,256500
2012-12-25,10092.349609,10119.349609,10030.440430,10080.120117,141700
2012-12-26,10131.219727,10230.360352,10107.339844,10230.360352,182100
2012-12-27,10295.259766,10376.389648,10288.849609,10322.980469,235200
2012-12-28,10406.360352,10433.629883,10374.849609,10395.179688,202800
2013-01-04,10604.500000,10734.230469,10602.240234,10688.110352,219000
2013-01-07,10743.690430,10743.690430,10589.700195,10599.009766,187700
2013-01-08,10544.209961,10602.120117,10463.429688,10508.059570,211400
2013-01-09,10405.669922,10620.700195,10398.610352,10578.570313,215000
2013-01-10,10635.110352,10686.120117,10619.650391,10652.639648,268500
2013-01-11,10786.139648,10830.429688,10748.059570,10801.570313,236600
2013-01-15,10914.650391,10952.309570,10851.660156,10879.080078,215100
2013-01-16,10806.410156,10806.410156,10591.299805,10600.440430,226100
2013-01-17,10660.940430,10694.849609,10432.969727,10609.639648,268500
2013-01-18,10791.969727,10913.299805,10787.120117,10913.299805,286600
2013-01-21,10941.450195,10941.450195,10747.740234,10747.740234,207300
2013-01-22,10765.099609,10859.419922,10615.200195,10709.929688,248100
2013-01-23,10575.599609,10663.089844,10486.990234,10486.990234,198800
2013-01-24,10441.110352,10634.740234,10441.110352,10620.870117,211200
2013-01-25,10797.299805,10926.650391,10790.950195,10926.650391,220600
2013-01-28,11002.860352,11002.860352,10824.309570,10824.309570,198300
2013-01-29,10751.009766,10937.629883,10751.009766,10866.719727,238500
2013-01-30,10913.969727,11113.950195,10905.639648,11113.950195,202800
2013-01-31,11057.500000,11145.379883,11007.769531,11138.660156,275700
2013-02-01,11193.719727,11237.839844,11142.259766,11191.339844,278200
2013-02-04,11254.160156,11285.490234,11194.740234,11260.349609,354100
2013-02-05,11105.240234,11170.849609,11046.919922,11046.919922,385200
2013-02-06,11236.700195,11498.419922,11232.049805,11463.750000,353400
2013-02-07,11406.320313,11446.809570,11295.620117,11357.070313,404300
2013-02-08,11179.969727,11299.709961,11135.889648,11153.160156,328100
2013-02-12,11346.719727,11460.639648,11343.440430,11369.120117,301200
2013-02-13,11333.719727,11365.269531,11196.660156,11251.410156,275300
2013-02-14,11273.400391,11356.540039,11243.490234,11307.280273,280100
2013-02-15,11239.209961,11261.580078,11065.059570,11173.830078,346200
2013-02-18,11318.219727,11445.459961,11308.830078,11407.870117,238300
2013-02-19,11336.450195,11412.860352,11336.450195,11372.339844,189900
2013-02-20,11485.650391,11510.519531,11440.099609,11468.280273,202000
2013-02-21,11404.730469,11442.110352,11301.769531,11309.129883,196300
2013-02-22,11238.750000,11390.650391,11175.669922,11385.940430,247900
2013-02-25,11564.549805,11662.519531,11562.099609,11662.519531,240900
2013-02-26,11449.660156,11520.240234,11374.830078,11398.809570,268000
2013-02-27,11418.559570,11419.620117,11253.969727,11253.969727,193200
2013-02-28,11396.730469,11563.750000,11392.559570,11559.360352,217300
2013-03-01,11464.709961,11648.629883,11464.709961,11606.379883,190100
2013-03-04,11695.450195,11767.679688,11613.589844,11652.290039,205200
2013-03-05,11732.570313,11779.419922,11666.379883,11683.450195,198900
2013-03-06,11811.059570,11933.820313,11803.089844,11932.269531,200900
2013-03-07,12037.250000,12069.599609,11946.009766,11968.080078,216000
2013-03-08,12066.500000,12283.620117,12065.089844,12283.620117,364600
2013-03-11,12363.089844,12403.950195,12300.830078,12349.049805,332300
2013-03-12,12433.599609,12461.969727,12314.809570,12314.809570,306500
2013-03-13,12252.290039,12339.450195,12234.480469,12239.660156,195900
2013-03-14,12332.160156,12395.730469,12248.650391,12381.190430,171500
2013-03-15,12437.679688,12560.950195,12434.469727,12560.950195,251000
2013-03-18,12365.440430,12373.169922,12220.629883,12220.629883,195900
2013-03-19,12405.610352,12491.160156,12401.120117,12468.230469,165200
2013-03-21,12592.000000,12650.259766,12586.059570,12635.690430,193300
2013-03-22,12498.509766,12522.049805,12338.530273,12338.530273,168000
2013-03-25,12507.610352,12594.360352,12480.419922,12546.459961,169900
2013-03-26,12461.790039,12540.120117,12456.040039,12471.620117,187500
2013-03-27,12476.580078,12502.259766,12442.389648,12493.790039,152900
2013-03-28,12457.129883,12462.860352,12286.370117,12335.959961,204600
2013-03-29,12405.530273,12425.959961,12319.750000,12397.910156,181500
2013-04-01,12371.339844,12384.830078,12133.000000,12135.019531,198200
2013-04-02,12051.570313,12107.400391,11805.780273,12003.429688,274600
2013-04-03,12112.089844,12362.200195,12102.049805,12362.200195,235100
2013-04-04,12188.219727,12634.540039,12075.969727,12634.540039,309400
2013-04-05,12880.820313,13225.620117,12831.099609,12833.639648,477400
2013-04-08,13082.610352,13225.219727,13080.290039,13192.589844,313900
2013-04-09,13309.129883,13331.389648,13151.730469,13192.349609,287600
2013-04-10,13177.309570,13325.150391,13177.309570,13288.129883,359800
2013-04-11,13444.950195,13549.160156,13384.110352,13549.160156,368500
2013-04-12,13568.250000,13568.250000,13402.860352,13485.139648,352000
2013-04-15,13345.860352,13408.290039,13257.860352,13275.660156,321000
2013-04-16,13023.910156,13312.230469,13004.459961,13221.440430,321600
2013-04-17,13330.500000,13397.500000,13318.690430,13382.889648,277400
2013-04-18,13272.219727,13377.740234,13200.849609,13220.070313,305000
2013-04-19,13268.429688,13338.750000,13186.889648,13316.480469,236000
2013-04-22,13537.169922,13611.580078,13529.440430,13568.370117,246200
2013-04-23,13545.599609,13585.349609,13505.530273,13529.650391,240200
2013-04-24,13687.280273,13843.459961,13686.780273,13843.459961,307400
2013-04-25,13887.530273,13974.259766,13827.959961,13926.080078,294500
2013-04-26,13978.980469,13983.870117,13852.200195,13884.129883,248300
2013-04-30,13854.820313,13897.059570,13778.750000,13860.860352,237500
2013-05-01,13837.719727,13844.820313,13782.000000,13799.349609,185400
2013-05-02,13727.250000,13780.480469,13637.959961,13694.040039,179900
2013-05-07,13960.040039,14196.379883,13951.809570,14180.240234,217200
2013-05-08,14196.200195,14421.379883,14186.830078,14285.690430,252600
2013-05-09,14366.950195,14409.820313,14191.480469,14191.480469,268300
2013-05-10,14449.240234,14636.809570,14426.740234,14607.540039,312500
2013-05-13,14759.500000,14849.009766,14727.700195,14782.209961,387200
2013-05-14,14822.559570,14839.790039,14755.080078,14758.419922,304700
2013-05-15,14962.339844,15108.830078,14956.379883,15096.030273,435000
2013-05-16,15146.049805,15155.719727,14879.509766,15037.240234,375100
2013-05-17,14926.419922,15157.320313,14902.299805,15138.120117,314500
2013-05-20,15260.610352,15381.740234,15245.799805,15360.809570,368100
2013-05-21,15264.790039,15388.370117,15264.419922,15381.019531,514100
2013-05-22,15440.690430,15706.629883,15432.639648,15627.259766,476800
2013-05-23,15739.980469,15942.599609,14483.980469,14483.980469,595200
2013-05-24,14731.750000,15007.500000,13981.519531,14612.450195,461200
2013-05-27,14373.820313,14381.280273,14027.419922,14142.650391,307400
2013-05-28,13943.620117,14399.780273,13943.620117,14311.980469,336300
2013-05-29,14492.549805,14512.280273,14243.490234,14326.459961,297000
2013-05-30,14072.900391,14098.160156,13555.660156,13589.030273,321600
2013-05-31,13804.230469,13916.559570,13681.389648,13774.540039,280500
2013-06-03,13551.360352,13562.870117,13261.820313,13261.820313,282300
2013-06-04,13186.599609,13610.250000,13060.940430,13533.759766,378300
2013-06-05,13566.750000,13711.419922,13011.160156,13014.870117,303700
2013-06-06,12925.290039,13238.530273,12862.019531,12904.019531,314000
2013-06-07,12706.410156,13106.200195,12548.200195,12877.530273,324500
2013-06-10,13141.849609,13514.200195,13141.370117,13514.200195,241400
2013-06-11,13504.769531,13584.309570,13296.309570,13317.620117,260200
2013-06-12,13087.660156,13332.719727,12994.080078,13289.320313,205500
2013-06-13,13038.019531,13050.110352,12415.849609,12445.379883,240900
2013-06-14,12668.900391,12900.650391,12629.309570,12686.519531,278200
2013-06-17,12584.370117,13033.120117,12549.820313,13033.120117,171900
2013-06-18,13015.150391,13139.480469,12919.030273,13007.280273,158700
2013-06-19,13233.080078,13296.620117,13107.650391,13245.219727,201900
2013-06-20,13101.849609,13190.820313,12966.410156,13014.580078,200700
2013-06-21,12787.870117,13330.349609,12702.669922,13230.129883,241000
2013-06-24,13417.540039,13426.129883,13026.230469,13062.780273,162500
2013-06-25,13081.620117,13234.889648,12758.219727,12969.339844,199200
2013-06-26,13152.750000,13189.839844,12826.509766,12834.009766,173400
2013-06-27,12968.719727,13213.549805,12873.500000,13213.549805,182400
2013-06-28,13383.919922,13724.440430,13354.700195,13677.320313,234400
2013-07-01,13746.719727,13862.709961,13562.700195,13852.500000,172300
2013-07-02,13969.150391,14098.740234,13898.540039,14098.740234,214100
2013-07-03,14149.990234,14164.769531,13984.080078,14055.559570,200600
2013-07-04,13970.269531,14093.019531,13962.299805,14018.929688,143600
2013-07-05,14150.849609,14309.969727,14149.500000,14309.969727,179400
2013-07-08,14491.070313,14497.650391,14109.339844,14109.339844,220500
2013-07-09,14295.440430,14472.900391,14186.030273,14472.900391,197600
2013-07-10,14464.820313,14555.330078,14287.690430,14416.599609,178200
2013-07-11,14275.259766,14496.669922,14275.259766,14472.580078,167500
2013-07-12,14475.169922,14574.169922,14417.299805,14506.250000,184900
2013-07-16,14594.879883,14638.799805,14550.889648,14599.120117,186100
2013-07-17,14491.799805,14615.040039,14460.559570,14615.040039,247700
2013-07-18,14645.250000,14827.730469,14645.250000,14808.500000,191300
2013-07-19,14909.759766,14953.290039,14413.280273,14589.910156,269400
2013-07-22,14770.019531,14770.019531,14514.290039,14658.040039,177500
2013-07-23,14555.360352,14820.179688,14549.059570,14778.509766,163100
2013-07-24,14719.639648,14751.870117,14630.679688,14731.280273,143000
2013-07-25,14747.209961,14748.769531,14533.209961,14562.929688,158200
2013-07-26,14339.389648,14376.009766,14114.519531,14129.980469,196100
2013-07-29,13899.269531,13953.849609,13661.129883,13661.129883,184700
2013-07-30,13634.200195,13909.450195,13613.780273,13869.820313,183400
2013-07-31,13733.549805,13836.030273,13644.209961,13668.320313,186500
2013-08-01,13674.500000,14005.769531,13645.610352,14005.769531,195700
2013-08-02,14178.660156,14466.160156,14146.919922,14466.160156,193500
2013-08-05,14318.209961,14370.980469,14225.500000,14258.040039,134100
2013-08-06,14237.099609,14401.059570,14031.610352,14401.059570,154000
2013-08-07,14155.950195,14164.700195,13824.940430,13824.940430,178500
2013-08-08,13779.469727,14031.139648,13556.650391,13605.559570,167700
2013-08-09,13673.490234,13754.959961,13527.809570,13615.190430,159100
2013-08-12,13469.700195,13658.860352,13430.639648,13519.429688,117700
2013-08-13,13696.360352,13867.000000,13689.490234,13867.000000,126100
2013-08-14,13936.740234,14050.160156,13747.179688,14050.160156,152600
2013-08-15,13845.639648,13981.160156,13711.120117,13752.940430,137800
2013-08-16,13532.610352,13739.519531,13532.610352,13650.110352,129600
2013-08-19,13669.740234,13758.129883,13589.780273,13758.129883,96900
2013-08-20,13632.959961,13730.089844,13383.179688,13396.379883,138000
2013-08-21,13431.280273,13499.990234,13250.360352,13424.330078,148300
2013-08-22,13314.049805,13447.330078,13238.730469,13365.169922,133200
2013-08-23,13583.759766,13774.660156,13575.400391,13660.549805,164200
2013-08-26,13719.559570,13741.490234,13586.839844,13636.280273,104100
2013-08-27,13551.750000,13678.790039,13517.099609,13542.370117,116800
2013-08-28,13285.030273,13392.570313,13188.139648,13338.459961,132800
2013-08-29,13382.950195,13463.139648,13364.820313,13459.709961,121400
2013-08-30,13573.240234,13615.980469,13335.910156,13388.860352,156700
2013-09-02,13438.070313,13613.480469,13407.530273,13572.919922,112600
2013-09-03,13748.679688,13978.440430,13748.679688,13978.440430,162400
2013-09-04,13875.169922,14056.879883,13843.610352,14053.870117,138400
2013-09-05,14140.200195,14156.500000,13981.519531,14064.820313,146600
2013-09-06,14088.410156,14099.129883,13834.519531,13860.809570,139900
2013-09-09,14141.669922,14251.459961,14117.679688,14205.230469,173500
2013-09-10,14318.719727,14441.809570,14296.780273,14423.360352,209900
2013-09-11,14511.740234,14561.459961,14422.719727,14425.070313,170000
2013-09-12,14397.900391,14455.370117,14321.570313,14387.269531,118400
2013-09-13,14316.700195,14439.929688,14233.120117,14404.669922,180700
2013-09-17,14456.990234,14474.530273,14311.669922,14311.669922,121300
2013-09-18,14411.549805,14625.969727,14396.410156,14505.360352,155900
2013-09-19,14680.400391,14766.179688,14581.790039,14766.179688,174600
2013-09-20,14801.639648,14816.650391,14702.250000,14742.419922,162500
2013-09-24,14742.419922,14767.719727,14607.269531,14732.610352,114900
2013-09-25,14713.030273,14737.980469,14620.530273,14620.530273,151000
2013-09-26,14553.059570,14799.120117,14410.519531,14799.120117,156600
2013-09-27,14803.990234,14817.500000,14699.209961,14760.070313,162100
2013-09-30,14530.620117,14619.240234,14425.820313,14455.799805,157300
2013-10-01,14517.980469,14642.969727,14471.700195,14484.719727,153000
2013-10-02,14492.469727,14569.200195,14114.540039,14170.490234,173500
2013-10-03,14140.110352,14219.889648,14082.309570,14157.250000,145300
2013-10-04,14029.730469,14149.769531,13944.269531,14024.309570,145300
2013-10-07,14057.790039,14073.230469,13841.929688,13853.320313,146100
2013-10-08,13794.740234,13929.639648,13748.940430,13894.610352,163700
2013-10-09,13789.889648,14037.839844,13751.849609,14037.839844,162100
2013-10-10,14097.620117,14200.309570,14077.030273,14194.709961,143200
2013-10-11,14376.889648,14447.870117,14320.299805,14404.740234,169900
2013-10-15,14404.740234,14510.370117,14404.740234,14441.540039,125600
2013-10-16,14433.639648,14493.669922,14417.610352,14467.139648,116200
2013-10-17,14640.080078,14664.219727,14492.669922,14586.509766,135600
2013-10-18,14589.599609,14610.089844,14503.089844,14561.540039,120100
2013-10-21,14624.030273,14727.849609,14624.030273,14693.570313,99100
2013-10-22,14677.080078,14747.769531,14641.780273,14713.250000,99200
2013-10-23,14784.410156,14799.280273,14426.049805,14426.049805,153500
2013-10-24,14344.740234,14499.519531,14273.709961,14486.410156,144900
2013-10-25,14439.139648,14442.120117,14088.190430,14088.190430,139000
2013-10-28,14261.650391,14400.320313,14194.419922,14396.040039,109500
2013-10-29,14288.719727,14395.959961,14224.589844,14325.980469,135600
2013-10-30,14464.669922,14526.879883,14425.580078,14502.349609,156800
2013-10-31,14474.009766,14516.080078,14324.169922,14327.940430,158400
2013-11-01,14403.070313,14411.049805,14126.410156,14201.570313,170800
2013-11-05,14319.750000,14323.240234,14141.820313,14225.370117,167100
2013-11-06,14155.339844,14407.690430,14130.860352,14337.309570,142200
2013-11-07,14355.559570,14371.559570,14222.030273,14228.440430,111600
2013-11-08,14026.169922,14122.280273,14026.169922,14086.799805,117800
2013-11-11,14271.480469,14304.290039,14208.129883,14269.839844,113500
2013-11-12,14289.870117,14588.679688,14278.209961,14588.679688,157600
2013-11-13,14527.969727,14599.530273,14490.919922,14567.160156,170200
2013-11-14,14665.750000,14966.429688,14665.750000,14876.410156,190100
2013-11-15,15034.330078,15203.110352,14994.700195,15165.919922,212600
2013-11-18,15253.240234,15273.610352,15106.820313,15164.299805,180100
2013-11-19,15096.629883,15163.059570,15020.330078,15126.559570,130200
2013-11-20,15176.349609,15209.669922,15069.980469,15076.080078,142500
2013-11-21,15176.650391,15377.000000,15168.469727,15365.599609,168200
2013-11-22,15513.450195,15579.389648,15307.440430,15381.719727,211300
2013-11-25,15504.780273,15619.129883,15469.870117,15619.129883,176400
2013-11-26,15501.950195,15577.969727,15460.969727,15515.240234,156700
2013-11-27,15414.519531,15512.759766,15414.519531,15449.629883,144700
2013-11-28,15622.190430,15729.089844,15605.730469,15727.120117,154000
2013-11-29,15661.429688,15727.959961,15507.169922,15661.870117,158300
2013-12-02,15659.740234,15703.019531,15579.540039,15655.070313,143200
2013-12-03,15747.540039,15794.150391,15661.900391,15749.660156,167200
2013-12-04,15520.200195,15579.360352,15326.059570,15407.940430,159000
2013-12-05,15354.530273,15430.200195,15139.120117,15177.490234,150700
2013-12-06,15112.540039,15327.370117,15112.540039,15299.860352,135300
2013-12-09,15556.599609,15650.209961,15547.290039,15650.209961,136900
2013-12-10,15633.969727,15633.969727,15562.059570,15611.309570,127200
2013-12-11,15509.929688,15562.299805,15386.110352,15515.059570,129200
2013-12-12,15377.320313,15392.660156,15255.360352,15341.820313,132300
2013-12-13,15316.889648,15532.940430,15251.450195,15403.110352,246200
2013-12-16,15408.349609,15408.349609,15146.129883,15152.910156,139600
2013-12-17,15290.219727,15322.129883,15248.419922,15278.629883,120400
2013-12-18,15273.240234,15588.419922,15268.179688,15587.799805,175200
2013-12-19,15809.429688,15891.820313,15798.849609,15859.219727,190300
2013-12-20,15790.690430,15870.419922,15755.360352,15870.419922,165000
2013-12-24,15870.419922,16029.650391,15849.000000,15889.330078,163000
2013-12-25,15861.129883,16010.540039,15853.509766,16009.990234,147400
2013-12-26,16087.070313,16186.040039,16082.280273,16174.440430,170200
2013-12-27,16229.429688,16232.690430,16056.730469,16178.940430,170600
2013-12-30,16269.219727,16320.219727,16182.709961,16291.309570,182100
2014-01-06,16147.540039,16164.009766,15864.440430,15908.879883,192700
2014-01-07,15835.410156,15935.370117,15784.250000,15814.370117,165900
2014-01-08,15943.679688,16121.450195,15906.570313,16121.450195,206700
2014-01-09,16002.879883,16004.559570,15838.440430,15880.330078,217400
2014-01-10,15785.150391,15922.139648,15754.700195,15912.059570,237500
2014-01-14,15912.059570,15912.059570,15383.690430,15422.400391,214500
2014-01-15,15649.070313,15808.730469,15636.570313,15808.730469,185800
2014-01-16,15845.150391,15941.080078,15710.139648,15747.200195,214200
2014-01-17,15695.459961,15783.370117,15621.799805,15734.459961,180100
2014-01-20,15724.139648,15727.259766,15574.230469,15641.679688,142200
2014-01-21,15710.889648,15894.679688,15705.839844,15795.959961,154300
2014-01-22,15749.009766,15870.530273,15631.410156,15820.959961,185300
2014-01-23,15900.629883,15958.580078,15690.450195,15695.889648,206900
2014-01-24,15473.570313,15485.019531,15288.320313,15391.559570,221000
2014-01-27,15091.450195,15109.679688,14933.549805,15005.730469,223900
2014-01-28,15038.639648,15088.120117,14952.830078,14980.160156,183100
2014-01-29,15164.339844,15383.910156,15159.919922,15383.910156,164800
2014-01-30,15112.700195,15112.700195,14853.830078,15007.059570,221200
2014-01-31,15132.230469,15143.879883,14764.570313,14914.530273,217400
2014-02-03,14788.559570,14846.929688,14615.049805,14619.129883,202800
2014-02-04,14353.330078,14355.919922,14008.469727,14008.469727,294300
2014-02-05,14213.099609,14245.059570,13995.860352,14180.379883,280200
2014-02-06,14233.419922,14308.070313,14155.120117,14155.120117,192900
2014-02-07,14387.110352,14471.950195,14356.589844,14462.410156,186100
2014-02-10,14647.830078,14725.919922,14568.299805,14718.339844,149800
2014-02-12,14821.730469,14874.790039,14769.040039,14800.059570,165100
2014-02-13,14785.839844,14787.620117,14488.320313,14534.740234,148400
2014-02-14,14538.200195,14678.709961,14243.169922,14313.030273,204200
2014-02-17,14343.730469,14427.950195,14214.599609,14393.110352,149000
2014-02-18,14514.469727,14900.240234,14469.490234,14843.240234,206500
2014-02-19,14729.480469,14805.660156,14679.190430,14766.530273,153900
2014-02-20,14701.139648,14731.480469,14428.730469,14449.179688,172000
2014-02-21,14618.610352,14888.809570,14618.610352,14865.669922,138700
2014-02-24,14803.639648,14982.530273,14658.139648,14837.679688,159500
2014-02-25,15002.509766,15094.540039,14957.490234,15051.599609,139500
2014-02-26,14896.490234,15084.530273,14896.490234,14970.969727,126600
2014-02-27,14939.870117,15015.009766,14844.370117,14923.110352,160300
2014-02-28,14929.549805,14943.650391,14735.519531,14841.070313,160500
2014-03-03,14666.929688,14684.700195,14443.099609,14652.230469,146900
2014-03-04,14553.950195,14750.089844,14546.339844,14721.480469,125600
2014-03-05,14905.950195,14992.190430,14897.629883,14897.629883,134000
2014-03-06,14933.759766,15203.120117,14871.559570,15134.750000,150000
2014-03-07,15280.759766,15312.599609,15145.589844,15274.070313,138500
2014-03-10,15197.530273,15266.120117,15088.110352,15120.139648,121100
2014-03-11,15179.469727,15256.030273,15124.360352,15224.110352,119100
2014-03-12,15003.799805,15020.139648,14828.179688,14830.389648,141300
2014-03-13,14847.719727,14919.839844,14790.480469,14815.980469,116200
2014-03-14,14526.280273,14539.599609,14280.750000,14327.660156,236100
2014-03-17,14254.320313,14359.160156,14203.209961,14277.669922,138000
2014-03-18,14491.410156,14533.250000,14399.719727,14411.269531,114000
2014-03-19,14495.730469,14663.540039,14302.370117,14462.519531,153600
2014-03-20,14548.759766,14548.759766,14207.830078,14224.230469,158700
2014-03-24,14297.580078,14514.280273,14287.280273,14475.299805,196200
2014-03-25,14401.690430,14531.790039,14312.080078,14423.190430,186000
2014-03-26,14521.000000,14569.900391,14401.419922,14477.160156,166600
2014-03-27,14305.669922,14659.849609,14227.809570,14622.889648,179000
2014-03-28,14576.250000,14713.450195,14520.570313,14696.030273,149300
2014-03-31,14839.540039,14843.669922,14718.009766,14827.830078,141600
2014-04-01,14870.509766,14870.509766,14751.290039,14791.990234,139200
2014-04-02,14897.879883,15069.610352,14893.169922,14946.320313,162400
2014-04-03,15009.179688,15164.389648,14976.360352,15071.879883,134400
2014-04-04,15005.540039,15098.379883,15000.690430,15063.769531,97100
2014-04-07,14880.820313,14895.580078,14764.370117,14808.849609,112800
2014-04-08,14715.799805,14740.099609,14605.309570,14606.879883,130400
2014-04-09,14436.049805,14502.019531,14279.339844,14299.690430,162500
2014-04-10,14484.540039,14513.139648,14234.450195,14300.120117,128900
2014-04-11,14027.799805,14065.969727,13885.110352,13960.049805,174700
2014-04-14,13887.230469,14008.290039,13885.219727,13910.160156,121000
2014-04-15,14068.750000,14096.860352,13969.169922,13996.809570,120800
2014-04-16,14126.870117,14420.299805,14125.589844,14417.679688,143600
2014-04-17,14395.950195,14500.660156,14351.849609,14417.530273,127900
2014-04-18,14489.370117,14536.669922,14442.740234,14516.269531,78200
2014-04-21,14549.450195,14649.500000,14503.169922,14512.379883,95300
2014-04-22,14586.290039,14604.299805,14388.769531,14388.769531,99300
2014-04-23,14480.410156,14546.269531,14459.290039,14546.269531,103200
2014-04-24,14563.250000,14563.250000,14367.129883,14404.990234,106300
2014-04-25,14369.719727,14554.320313,14327.599609,14429.259766,115000
2014-04-28,14289.820313,14324.030273,14224.469727,14288.230469,97400
2014-04-30,14288.230469,14421.219727,14275.690430,14304.110352,125100
2014-05-01,14341.089844,14493.030273,14341.089844,14485.129883,129200
2014-05-02,14454.440430,14473.750000,14405.769531,14457.509766,108600
2014-05-07,14457.509766,14457.509766,14033.450195,14033.450195,143200
2014-05-08,14136.410156,14254.440430,14108.160156,14163.780273,123000
2014-05-09,14101.980469,14266.290039,14091.200195,14199.589844,125300
2014-05-12,14173.490234,14234.490234,14130.299805,14149.519531,109200
2014-05-13,14367.940430,14464.009766,14359.740234,14425.440430,129900
2014-05-14,14385.599609,14419.650391,14349.870117,14405.759766,112700
2014-05-15,14280.509766,14306.360352,14190.269531,14298.209961,132600
2014-05-16,14087.759766,14108.440430,14016.490234,14096.589844,131300
2014-05-19,14130.089844,14150.500000,13991.799805,14006.440430,114000
2014-05-20,14088.450195,14144.040039,14038.059570,14075.250000,123100
2014-05-21,13969.709961,14054.240234,13964.429688,14042.169922,121700
2014-05-22,14188.280273,14369.019531,14147.549805,14337.790039,160300
2014-05-23,14411.099609,14528.040039,14404.799805,14462.169922,142400
2014-05-26,14592.599609,14602.519531,14531.320313,14602.519531,106900
2014-05-27,14589.790039,14744.160156,14588.679688,14636.519531,129400
2014-05-28,14646.929688,14717.290039,14608.540039,14670.950195,120100
2014-05-29,14585.639648,14714.950195,14574.019531,14681.719727,122000
2014-05-30,14707.660156,14741.099609,14591.620117,14632.379883,175300
2014-06-02,14777.509766,14963.910156,14777.509766,14935.919922,130600
2014-06-03,15089.040039,15091.490234,15026.009766,15034.250000,145900
2014-06-04,15067.410156,15071.780273,14985.209961,15067.959961,132000
2014-06-05,15112.589844,15141.139648,15016.809570,15079.370117,127900
2014-06-06,15138.750000,15144.339844,15042.589844,15077.240234,134800
2014-06-09,15204.309570,15206.570313,15116.030273,15124.000000,107300
2014-06-10,15130.740234,15184.769531,14966.799805,14994.799805,121300
2014-06-11,15000.129883,15075.719727,14998.629883,15069.480469,99500
2014-06-12,14942.150391,14992.959961,14862.080078,14973.530273,132400
2014-06-13,14830.990234,15121.639648,14830.990234,15097.839844,172200
2014-06-16,15049.610352,15056.750000,14867.150391,14933.290039,116000
2014-06-17,14962.990234,15026.959961,14948.540039,14975.969727,107400
2014-06-18,15009.889648,15139.990234,14995.450195,15115.799805,118600
2014-06-19,15140.349609,15375.379883,15138.280273,15361.160156,189900
2014-06-20,15359.599609,15422.059570,15305.429688,15349.419922,190000
2014-06-23,15419.469727,15442.669922,15335.879883,15369.280273,120000
2014-06-24,15300.500000,15424.570313,15252.269531,15376.240234,122700
2014-06-25,15297.240234,15347.879883,15265.709961,15266.610352,108400
2014-06-26,15320.129883,15345.120117,15278.219727,15308.490234,105400
2014-06-27,15290.750000,15293.820313,15027.309570,15095.000000,131000
2014-06-30,15159.450195,15177.870117,15052.339844,15162.099609,102000
2014-07-01,15179.639648,15389.080078,15145.870117,15326.200195,137500
2014-07-02,15406.230469,15444.629883,15354.910156,15369.969727,116800
2014-07-03,15435.339844,15435.339844,15324.320313,15348.290039,114200
2014-07-04,15490.370117,15490.370117,15420.070313,15437.129883,108800
2014-07-07,15433.490234,15477.769531,15379.440430,15379.440430,84000
2014-07-08,15304.269531,15389.889648,15225.110352,15314.410156,117700
2014-07-09,15194.320313,15302.650391,15185.320313,15302.650391,118300
2014-07-10,15318.299805,15326.780273,15215.429688,15216.469727,112900
2014-07-11,15102.589844,15204.009766,15101.490234,15164.040039,123600
2014-07-14,15199.179688,15324.950195,15179.490234,15296.820313,96300
2014-07-15,15354.429688,15441.540039,15346.089844,15395.160156,101000
2014-07-16,15369.660156,15423.959961,15355.000000,15379.299805,98200
2014-07-17,15422.870117,15465.740234,15347.849609,15370.259766,102500
2014-07-18,15174.080078,15220.500000,15110.450195,15215.709961,92200
2014-07-22,15215.709961,15392.019531,15215.709961,15343.280273,115400
2014-07-23,15367.160156,15376.200195,15317.370117,15328.559570,100100
2014-07-24,15350.280273,15383.110352,15232.139648,15284.419922,122000
2014-07-25,15342.459961,15457.870117,15341.690430,15457.870117,119900
2014-07-28,15426.980469,15556.620117,15426.980469,15529.400391,115600
2014-07-29,15564.790039,15632.700195,15556.019531,15618.070313,98800
2014-07-30,15616.889648,15666.620117,15594.889648,15646.230469,117500
2014-07-31,15732.780273,15759.660156,15618.849609,15620.769531,154100
2014-08-01,15511.540039,15602.129883,15501.150391,15523.110352,143300
2014-08-04,15474.650391,15535.620117,15440.209961,15474.500000,123600
2014-08-05,15506.870117,15507.320313,15313.839844,15320.309570,131500
2014-08-06,15260.000000,15271.139648,15121.429688,15159.790039,135500
2014-08-07,15138.719727,15243.059570,15061.990234,15232.370117,143100
2014-08-08,15063.730469,15074.320313,14753.839844,14778.370117,177200
2014-08-11,15022.639648,15161.540039,14973.709961,15130.519531,114600
2014-08-12,15164.730469,15235.980469,15125.929688,15161.309570,89300
2014-08-13,15111.759766,15235.900391,15108.530273,15213.629883,96300
2014-08-14,15284.379883,15338.849609,15272.900391,15314.570313,92700
2014-08-15,15317.150391,15328.339844,15276.990234,15318.339844,88700
2014-08-18,15318.500000,15365.349609,15303.389648,15322.599609,77300
2014-08-19,15451.940430,15476.049805,15429.110352,15449.790039,94200
2014-08-20,15485.929688,15492.879883,15433.719727,15454.450195,92700
2014-08-21,15530.980469,15601.990234,15525.780273,15586.200195,117700
2014-08-22,15618.049805,15628.780273,15524.429688,15539.190430,102300
2014-08-25,15609.429688,15628.610352,15553.509766,15613.250000,81900
2014-08-26,15609.639648,15613.339844,15519.419922,15521.219727,86400
2014-08-27,15556.559570,15588.219727,15465.990234,15534.820313,102200
2014-08-28,15482.269531,15487.990234,15423.900391,15459.860352,99300
2014-08-29,15423.879883,15447.809570,15356.000000,15424.589844,111000
2014-09-01,15454.589844,15478.769531,15440.990234,15476.599609,74800
2014-09-02,15526.940430,15737.360352,15516.500000,15668.599609,122600
2014-09-03,15797.790039,15829.379883,15723.540039,15728.349609,137800
2014-09-04,15701.610352,15732.759766,15663.589844,15676.179688,110900
2014-09-05,15792.639648,15792.639648,15641.370117,15668.679688,109600
2014-09-08,15718.129883,15730.330078,15656.400391,15705.110352,95600
2014-09-09,15795.820313,15795.820313,15736.129883,15749.150391,106100
2014-09-10,15688.549805,15795.599609,15664.790039,15788.780273,109700
2014-09-11,15880.910156,15925.509766,15854.299805,15909.200195,130300
2014-09-12,15885.040039,15984.900391,15885.040039,15948.290039,183400
2014-09-16,15948.290039,15948.290039,15871.120117,15911.530273,121300
2014-09-17,15948.150391,15969.410156,15888.669922,15888.669922,114700
2014-09-18,16036.469727,16106.110352,16003.459961,16067.570313,143100
2014-09-19,16177.940430,16364.080078,16170.860352,16321.169922,171300
2014-09-22,16281.360352,16299.129883,16170.110352,16205.900391,129100
2014-09-24,16105.559570,16203.940430,16094.589844,16167.450195,133300
2014-09-25,16327.190430,16374.139648,16303.910156,16374.139648,148700
2014-09-26,16087.950195,16251.669922,16087.950195,16229.860352,127400
2014-09-29,16339.030273,16344.320313,16262.000000,16310.639648,107900
2014-09-30,16252.719727,16252.719727,16058.719727,16173.519531,152500
2014-10-01,16173.389648,16225.959961,16081.009766,16082.250000,137100
2014-10-02,15895.200195,15922.509766,15646.400391,15661.990234,175400
2014-10-03,15616.480469,15708.650391,15559.070313,15708.650391,139700
2014-10-06,15882.280273,15970.650391,15808.219727,15890.950195,127600
2014-10-07,15841.169922,15913.519531,15755.570313,15783.830078,134800
2014-10-08,15574.599609,15643.629883,15520.809570,15595.980469,150200
2014-10-09,15681.530273,15732.320313,15461.089844,15478.929688,141000
2014-10-10,15292.879883,15345.780273,15221.830078,15300.549805,186100
2014-10-14,15300.549805,15300.549805,14919.709961,14936.509766,186200
2014-10-15,15009.750000,15084.610352,14916.650391,15073.519531,152600
2014-10-16,14805.160156,14807.080078,14672.549805,14738.379883,198900
2014-10-17,14796.320313,14830.669922,14529.030273,14532.509766,178600
2014-10-20,14822.839844,15111.230469,14819.690430,15111.230469,162000
2014-10-21,15115.290039,15115.290039,14761.839844,14804.280273,143000
2014-10-22,15038.190430,15195.780273,15001.429688,15195.769531,137400
2014-10-23,15093.780273,15232.509766,15059.639648,15138.959961,119600
2014-10-24,15354.349609,15377.049805,15232.000000,15291.639648,121800
2014-10-27,15404.280273,15424.049805,15333.709961,15388.719727,121000
2014-10-28,15363.280273,15374.459961,15263.360352,15329.910156,122300
2014-10-29,15442.389648,15595.290039,15394.790039,15553.910156,148800
2014-10-30,15596.500000,15701.040039,15584.830078,15658.200195,184100
2014-10-31,15817.139648,16533.910156,15817.139648,16413.759766,268500
2014-11-04,16732.849609,17127.660156,16720.990234,16862.470703,335600
2014-11-05,16785.439453,16995.019531,16778.279297,16937.320313,232200
2014-11-06,16993.460938,17045.939453,16725.449219,16792.480469,199000
2014-11-07,16934.039063,16938.199219,16824.080078,16880.380859,153300
2014-11-10,16758.269531,16818.050781,16713.369141,16780.529297,125600
2014-11-11,16869.490234,17160.119141,16855.300781,17124.109375,154000
2014-11-12,17253.119141,17443.740234,17170.000000,17197.050781,193300
2014-11-13,17192.000000,17400.769531,17099.949219,17392.789063,159800
2014-11-14,17520.539063,17520.539063,17300.189453,17490.830078,196000
2014-11-17,17381.380859,17409.320313,16907.429688,16973.800781,192800
2014-11-18,17188.839844,17356.759766,17186.500000,17344.060547,158100
2014-11-19,17384.310547,17472.570313,17280.759766,17288.750000,170100
2014-11-20,17407.689453,17407.689453,17270.699219,17300.859375,144000
2014-11-21,17285.720703,17381.589844,17108.199219,17357.509766,156300
2014-11-25,17357.509766,17490.390625,17357.509766,17407.619141,170600
2014-11-26,17347.970703,17432.570313,17335.990234,17383.580078,136500
2014-11-27,17310.490234,17346.849609,17212.480469,17248.500000,129100
2014-11-28,17340.160156,17471.900391,17330.839844,17459.849609,149100
2014-12-01,17475.099609,17649.019531,17474.269531,17590.099609,125900
2014-12-02,17481.060547,17687.699219,17476.419922,17663.220703,125200
2014-12-03,17772.150391,17881.759766,17696.359375,17720.429688,158700
2014-12-04,17881.910156,17912.589844,17813.009766,17887.210938,142200
2014-12-05,17821.849609,17922.289063,17759.359375,17920.449219,128900
2014-12-08,18004.660156,18030.830078,17869.740234,17935.640625,134700
2014-12-09,17820.240234,17892.160156,17773.300781,17813.380859,140400
2014-12-10,17623.349609,17658.140625,17308.820313,17412.580078,169600
2014-12-11,17180.490234,17289.730469,17043.630859,17257.400391,151400
2014-12-12,17317.689453,17526.189453,17298.189453,17371.580078,214500
2014-12-15,17111.490234,17258.320313,17037.210938,17099.400391,146400
2014-12-16,16862.419922,16895.390625,16714.830078,16755.320313,160300
2014-12-17,16689.339844,16891.019531,16672.939453,16819.730469,161300
2014-12-18,17142.949219,17274.230469,17136.410156,17210.050781,186300
2014-12-19,17511.009766,17621.400391,17471.599609,17621.400391,175800
2014-12-22,17685.529297,17692.580078,17572.619141,17635.140625,128500
2014-12-24,17842.039063,17875.410156,17800.419922,17854.230469,126400
2014-12-25,17804.839844,17832.470703,17773.589844,17808.750000,86400
2014-12-26,17778.910156,17843.730469,17769.009766,17818.960938,86500
2014-12-29,17914.550781,17914.550781,17525.660156,17729.839844,115200
2014-12-30,17702.119141,17713.759766,17450.769531,17450.769531,98300
2015-01-05,17702.119141,17713.759766,17219.220703,17408.710938,116500
2015-01-06,17101.580078,17111.359375,16881.730469,16883.189453,166000
2015-01-07,16808.259766,16974.609375,16808.259766,16885.330078,138600
2015-01-08,17067.400391,17243.710938,17016.089844,17167.099609,140600
2015-01-09,17318.740234,17342.650391,17129.529297,17197.730469,155200
2015-01-13,16970.880859,17087.710938,16828.269531,17087.710938,149200
2015-01-14,16961.820313,17036.720703,16770.560547,16795.960938,148500
2015-01-15,16872.949219,17141.980469,16856.220703,17108.699219,147700
2015-01-16,16812.960938,16864.339844,16592.570313,16864.160156,171100
2015-01-19,17000.779297,17039.800781,16911.580078,17014.289063,128000
2015-01-20,17071.650391,17366.300781,17066.769531,17366.300781,133000
2015-01-21,17308.720703,17329.029297,17181.550781,17280.480469,136000
2015-01-22,17306.640625,17355.740234,17229.210938,17329.019531,121900
2015-01-23,17520.630859,17532.060547,17460.759766,17511.750000,132500
2015-01-26,17285.710938,17471.939453,17285.710938,17468.519531,111600
2015-01-27,17649.400391,17768.410156,17633.470703,17768.300781,139700
2015-01-28,17615.929688,17850.589844,17615.929688,17795.730469,141900
2015-01-29,17666.910156,17778.830078,17575.099609,17606.220703,140000
2015-01-30,17788.740234,17808.470703,17661.099609,17674.390625,173500
2015-02-02,17536.609375,17628.400391,17459.449219,17558.039063,136000
2015-02-03,17654.599609,17654.599609,17271.869141,17335.849609,169600
2015-02-04,17549.300781,17743.109375,17535.039063,17678.740234,187000
2015-02-05,17589.210938,17619.339844,17484.669922,17504.619141,185000
2015-02-06,17696.179688,17700.669922,17603.070313,17648.500000,142500
2015-02-09,17790.310547,17799.490234,17653.609375,17711.929688,129500
2015-02-10,17662.669922,17673.269531,17550.029297,17652.679688,123900
2015-02-12,17652.679688,18005.449219,17652.679688,17979.720703,181200
2015-02-13,17892.099609,17962.109375,17864.550781,17913.359375,162000
2015-02-16,18024.009766,18074.259766,17978.900391,18004.769531,152600
2015-02-17,17949.699219,18009.449219,17901.259766,17987.089844,142100
2015-02-18,18103.980469,18202.609375,18092.320313,18199.169922,171600
2015-02-19,18237.349609,18322.500000,18237.349609,18264.789063,174100
2015-02-20,18336.500000,18360.919922,18297.669922,18332.300781,146300
2015-02-23,18499.580078,18509.080078,18402.019531,18466.919922,157500
2015-02-24,18468.390625,18603.480469,18427.980469,18603.480469,145200
2015-02-25,18636.339844,18648.769531,18552.810547,18585.199219,139100
2015-02-26,18587.869141,18790.830078,18587.130859,18785.789063,155500
2015-02-27,18844.279297,18865.390625,18714.640625,18797.939453,174700
2015-03-02,18869.400391,18939.169922,18775.230469,18826.880859,134800
2015-03-03,18910.519531,18910.519531,18730.570313,18815.160156,154800
2015-03-04,18716.779297,18732.660156,18586.839844,18703.599609,143300
2015-03-05,18658.160156,18767.500000,18655.359375,18751.839844,121900
2015-03-06,18814.849609,18979.640625,18808.300781,18971.000000,147100
2015-03-09,18872.960938,18878.150391,18733.869141,18790.550781,118000
2015-03-10,18891.009766,18924.380859,18577.060547,18665.109375,148300
2015-03-11,18604.869141,18836.929688,18583.519531,18723.519531,130000
2015-03-12,18787.099609,19008.130859,18774.419922,18991.109375,149700
2015-03-13,19119.580078,19335.800781,19042.250000,19254.250000,227800
2015-03-16,19245.380859,19349.199219,19226.710938,19246.060547,129000
2015-03-17,19425.890625,19479.890625,19373.390625,19437.000000,131800
2015-03-18,19407.759766,19555.720703,19389.240234,19544.480469,134400
2015-03-19,19514.640625,19557.169922,19312.699219,19476.560547,151100
2015-03-20,19479.710938,19565.439453,19416.630859,19560.220703,137500
2015-03-23,19607.980469,19778.599609,19584.730469,19754.359375,124400
2015-03-24,19718.990234,19770.640625,19646.349609,19713.449219,141900
2015-03-25,19745.750000,19775.449219,19542.220703,19746.199219,145000
2015-03-26,19605.599609,19623.109375,19397.009766,19471.119141,154800
2015-03-27,19374.720703,19590.029297,19099.869141,19285.630859,178300
2015-03-30,19295.210938,19474.070313,19227.289063,19411.400391,136300
2015-03-31,19592.429688,19607.250000,19206.990234,19206.990234,151600
2015-04-01,19129.750000,19195.230469,18927.949219,19034.839844,160400
2015-04-02,19141.929688,19433.890625,19115.140625,19312.789063,147100
2015-04-03,19289.039063,19435.080078,19289.039063,19435.080078,104700
2015-04-06,19295.029297,19424.089844,19241.289063,19397.980469,96600
2015-04-07,19539.029297,19667.480469,19501.310547,19640.539063,137000
2015-04-08,19729.699219,19845.529297,19693.630859,19789.810547,140700
2015-04-09,19851.119141,19957.320313,19822.490234,19937.720703,120000
2015-04-10,19989.550781,20006.000000,19845.310547,19907.630859,136200
2015-04-13,19967.380859,19975.660156,19825.689453,19905.460938,107000
2015-04-14,19828.650391,19922.500000,19828.650391,19908.679688,111600
2015-04-15,19838.529297,19913.419922,19823.859375,19869.759766,121600
2015-04-16,19862.480469,19894.349609,19742.119141,19885.769531,174300
2015-04-17,19810.400391,19815.250000,19638.369141,19652.880859,188200
2015-04-20,19501.000000,19725.859375,19474.230469,19634.490234,144100
2015-04-21,19731.570313,19909.089844,19678.220703,19909.089844,161600
2015-04-22,19999.839844,20144.660156,19983.000000,20133.900391,204400
2015-04-23,20227.279297,20252.119141,20116.189453,20187.650391,200900
2015-04-24,20142.470703,20142.470703,20013.740234,20020.039063,139700
2015-04-27,20063.800781,20069.240234,19909.859375,19983.320313,123500
2015-04-28,20068.650391,20133.779297,20031.710938,20058.949219,138700
2015-04-30,19847.500000,19852.660156,19502.609375,19520.009766,189100
2015-05-01,19510.849609,19549.390625,19399.160156,19531.630859,154100
2015-05-07,19510.849609,19549.390625,19257.849609,19291.990234,165700
2015-05-08,19315.630859,19458.750000,19302.710938,19379.189453,181600
2015-05-11,19637.580078,19679.630859,19586.810547,19620.910156,214400
2015-05-12,19608.230469,19626.750000,19467.650391,19624.839844,203500
2015-05-13,19568.759766,19791.880859,19494.699219,19764.720703,193600
2015-05-14,19661.519531,19717.800781,19546.820313,19570.240234,171700
2015-05-15,19693.169922,19750.759766,19633.750000,19732.919922,178400
2015-05-18,19766.160156,19890.269531,19741.220703,19890.269531,206800
2015-05-19,19977.140625,20087.699219,19946.750000,20026.380859,184100
2015-05-20,20175.589844,20278.890625,20148.509766,20196.560547,176400
2015-05-21,20215.460938,20320.900391,20175.779297,20202.869141,181800
2015-05-22,20208.849609,20278.310547,20130.839844,20264.410156,141500
2015-05-25,20331.919922,20417.769531,20318.539063,20413.769531,139800
2015-05-26,20431.269531,20473.849609,20378.769531,20437.480469,130800
2015-05-27,20380.640625,20513.220703,20363.210938,20472.580078,184700
2015-05-28,20590.279297,20655.330078,20473.269531,20551.460938,241500
2015-05-29,20510.269531,20636.410156,20508.400391,20563.150391,241100
2015-06-01,20444.539063,20595.410156,20410.269531,20569.869141,173400
2015-06-02,20604.669922,20619.609375,20470.259766,20543.189453,200400
2015-06-03,20443.150391,20506.349609,20397.730469,20473.509766,168700
2015-06-04,20539.939453,20552.460938,20438.210938,20488.189453,171700
2015-06-05,20398.759766,20480.250000,20363.179688,20460.900391,165800
2015-06-08,20537.849609,20544.939453,20359.060547,20457.189453,139800
2015-06-09,20293.050781,20332.419922,20095.480469,20096.300781,160700
2015-06-10,20126.359375,20264.919922,20016.320313,20046.359375,183200
2015-06-11,20183.609375,20382.970703,20178.039063,20382.970703,150400
2015-06-12,20431.779297,20437.259766,20331.189453,20407.080078,189900
2015-06-15,20205.099609,20401.480469,20205.099609,20387.789063,115700
2015-06-16,20332.830078,20368.210938,20234.160156,20257.939453,133000
2015-06-17,20306.099609,20323.080078,20126.570313,20219.269531,124200
2015-06-18,20193.589844,20200.509766,19990.550781,19990.820313,134500
2015-06-19,20152.410156,20194.449219,20075.910156,20174.240234,160900
2015-06-22,20174.140625,20433.300781,20174.140625,20428.189453,140500
2015-06-23,20547.740234,20809.419922,20531.130859,20809.419922,183300
2015-06-24,20889.320313,20952.710938,20838.220703,20868.029297,166700
2015-06-25,20777.689453,20866.580078,20758.599609,20771.400391,128300
2015-06-26,20758.429688,20785.759766,20650.000000,20706.150391,140100
2015-06-29,20305.970703,20361.599609,20093.160156,20109.949219,165300
2015-06-30,20174.609375,20243.179688,20118.259766,20235.730469,168100
2015-07-01,20291.050781,20346.740234,20225.269531,20329.320313,123600
2015-07-02,20565.939453,20601.730469,20479.849609,20522.500000,137800
2015-07-03,20476.689453,20557.509766,20431.250000,20539.789063,145800
2015-07-06,20200.150391,20310.720703,20012.230469,20112.119141,163700
2015-07-07,20354.230469,20428.000000,20337.179688,20376.589844,139300
2015-07-08,20282.490234,20310.890625,19737.640625,19737.640625,207600
2015-07-09,19422.779297,19855.500000,19115.199219,19855.500000,252900
2015-07-10,19829.929688,19978.240234,19720.150391,19779.830078,193000
2015-07-13,19929.919922,20120.150391,19911.390625,20089.769531,139000
2015-07-14,20355.330078,20435.529297,20322.199219,20385.330078,161800
2015-07-15,20478.849609,20496.599609,20401.089844,20463.330078,127100
2015-07-16,20588.980469,20612.500000,20522.250000,20600.119141,136800
2015-07-17,20646.630859,20658.949219,20611.220703,20650.919922,118100
2015-07-21,20763.310547,20850.000000,20710.339844,20841.970703,134500
2015-07-22,20657.800781,20677.839844,20576.189453,20593.669922,145400
2015-07-23,20693.570313,20708.230469,20648.759766,20683.949219,119100
2015-07-24,20603.630859,20631.539063,20527.779297,20544.529297,110700
2015-07-27,20374.050781,20486.929688,20278.730469,20350.099609,122600
2015-07-28,20188.570313,20423.580078,20070.619141,20328.890625,149800
2015-07-29,20425.689453,20425.689453,20205.210938,20302.910156,132800
2015-07-30,20450.609375,20583.570313,20443.890625,20522.830078,181400
2015-07-31,20506.550781,20585.240234,20466.800781,20585.240234,175400
2015-08-03,20540.210938,20562.199219,20396.500000,20548.109375,173600
2015-08-04,20462.179688,20552.039063,20448.490234,20520.359375,166700
2015-08-05,20490.150391,20715.480469,20469.869141,20614.060547,173500
2015-08-06,20768.769531,20817.480469,20664.439453,20664.439453,167000
2015-08-07,20601.570313,20754.000000,20567.509766,20724.560547,147000
2015-08-10,20618.310547,20820.859375,20617.050781,20808.689453,138700
2015-08-11,20920.599609,20946.929688,20582.009766,20720.750000,159200
2015-08-12,20632.679688,20703.199219,20303.019531,20392.769531,170300
2015-08-13,20392.539063,20633.910156,20306.980469,20595.550781,167400
2015-08-14,20518.359375,20605.460938,20484.669922,20519.449219,139400
2015-08-17,20600.160156,20668.869141,20541.000000,20620.259766,106600
2015-08-18,20640.589844,20663.179688,20545.250000,20554.470703,113100
2015-08-19,20467.490234,20521.970703,20218.029297,20222.630859,145500
2015-08-20,20194.259766,20246.470703,20033.289063,20033.519531,147900
2015-08-21,19711.339844,19737.539063,19435.830078,19435.830078,189900
2015-08-24,19075.050781,19154.650391,18498.800781,18540.679688,274400
2015-08-25,18171.660156,18835.349609,17747.500000,17806.699219,335600
2015-08-26,17894.289063,18442.839844,17714.300781,18376.830078,246800
2015-08-27,18680.470703,18810.050781,18486.460938,18574.439453,192100
2015-08-28,18908.730469,19192.820313,18901.089844,19136.320313,205200
2015-08-31,19006.980469,19019.609375,18749.769531,18890.480469,167600
2015-09-01,18763.720703,18777.470703,18165.689453,18165.689453,176800
2015-09-02,17861.810547,18467.439453,17857.300781,18095.400391,197900
2015-09-03,18359.529297,18481.570313,18176.750000,18182.390625,143000
2015-09-04,18312.130859,18312.130859,17608.169922,17792.160156,171100
2015-09-07,17674.820313,18013.640625,17478.720703,17860.470703,164600
2015-09-08,17941.910156,17962.560547,17415.609375,17427.080078,154900
2015-09-09,17758.130859,18770.509766,17756.759766,18770.509766,201700
2015-09-10,18418.640625,18420.560547,17956.150391,18299.619141,172700
2015-09-11,18155.710938,18362.990234,18124.349609,18264.220703,201500
2015-09-14,18341.009766,18344.070313,17925.089844,17965.699219,126500
2015-09-15,18082.720703,18329.570313,17995.980469,18026.480469,146400
2015-09-16,18238.150391,18291.970703,18094.990234,18171.599609,126000
2015-09-17,18361.990234,18468.199219,18289.630859,18432.269531,130900
2015-09-18,18275.480469,18295.900391,18069.500000,18070.210938,172000
2015-09-24,17803.410156,17865.839844,17571.830078,17571.830078,167900
2015-09-25,17618.300781,17880.509766,17483.689453,17880.509766,184800
2015-09-28,17811.119141,17886.490234,17562.599609,17645.109375,130800
2015-09-29,17359.380859,17366.949219,16901.490234,16930.839844,206300
2015-09-30,17193.839844,17460.970703,17179.400391,17388.150391,156500
